,orig,var,count,paths,exp_freq,exp,obs/exp
0,A,T,254,4,0.1666666666666666,130.49999999999994,1.9463601532567059
1,A,S,112,4,0.1666666666666666,130.49999999999994,0.8582375478927207
2,A,P,52,4,0.1666666666666666,130.49999999999994,0.39846743295019177
3,A,D,44,2,0.0833333333333333,65.24999999999997,0.6743295019157091
4,A,V,226,4,0.1666666666666666,130.49999999999994,1.7318007662835257
5,A,G,76,4,0.1666666666666666,130.49999999999994,0.5823754789272033
6,A,E,19,2,0.0833333333333333,65.24999999999997,0.29118773946360166
0,C,S,23,4,0.2857142857142857,28.857142857142854,0.7970297029702971
1,C,G,13,2,0.1428571428571428,14.428571428571422,0.9009900990099015
2,C,R,17,2,0.1428571428571428,14.428571428571422,1.1782178217821788
3,C,Y,32,2,0.1428571428571428,14.428571428571422,2.217821782178219
4,C,F,11,2,0.1428571428571428,14.428571428571422,0.7623762376237627
5,C,W,5,2,0.1428571428571428,14.428571428571422,0.3465346534653467
0,D,N,135,2,0.125,61.875,2.1818181818181817
1,D,Y,49,2,0.125,61.875,0.7919191919191919
2,D,H,50,2,0.125,61.875,0.8080808080808081
3,D,V,45,2,0.125,61.875,0.7272727272727273
4,D,G,91,2,0.125,61.875,1.4707070707070706
5,D,A,23,2,0.125,61.875,0.3717171717171717
6,D,E,102,4,0.25,123.75,0.8242424242424242
0,E,K,180,2,0.1428571428571428,74.85714285714282,2.404580152671757
1,E,Q,68,2,0.1428571428571428,74.85714285714282,0.908396946564886
2,E,V,30,2,0.1428571428571428,74.85714285714282,0.4007633587786262
3,E,G,90,2,0.1428571428571428,74.85714285714282,1.2022900763358786
4,E,A,34,2,0.1428571428571428,74.85714285714282,0.454198473282443
5,E,D,122,4,0.2857142857142857,149.7142857142857,0.8148854961832063
0,F,I,12,2,0.125,17.5,0.6857142857142857
1,F,V,8,2,0.125,17.5,0.45714285714285713
2,F,L,69,6,0.375,52.5,1.3142857142857143
3,F,Y,7,2,0.125,17.5,0.4
4,F,C,17,2,0.125,17.5,0.9714285714285714
5,F,S,27,2,0.125,17.5,1.542857142857143
0,G,R,195,6,0.2608695652173913,214.95652173913044,0.9071601941747572
1,G,E,89,2,0.0869565217391304,71.65217391304346,1.2421116504854373
2,G,V,114,4,0.1739130434782608,143.3043478260869,0.7955097087378643
3,G,A,82,4,0.1739130434782608,143.3043478260869,0.5722087378640779
4,G,S,144,2,0.0869565217391304,71.65217391304346,2.009708737864078
5,G,C,53,2,0.0869565217391304,71.65217391304346,0.7396844660194177
6,G,D,131,2,0.0869565217391304,71.65217391304346,1.8282766990291268
7,G,W,16,1,0.0434782608695652,35.82608695652173,0.44660194174757295
0,H,N,28,2,0.125,40.0,0.7
1,H,Y,84,2,0.125,40.0,2.1
2,H,D,14,2,0.125,40.0,0.35
3,H,L,23,2,0.125,40.0,0.575
4,H,R,90,2,0.125,40.0,2.25
5,H,P,24,2,0.125,40.0,0.6
6,H,Q,57,4,0.25,80.0,0.7125
0,I,L,25,4,0.1904761904761904,63.6190476190476,0.39296407185628757
1,I,V,121,3,0.1428571428571428,47.714285714285694,2.535928143712576
2,I,K,4,1,0.0476190476190476,15.9047619047619,0.25149700598802405
3,I,R,3,1,0.0476190476190476,15.9047619047619,0.18862275449101804
4,I,T,84,3,0.1428571428571428,47.714285714285694,1.7604790419161684
5,I,M,47,3,0.1428571428571428,47.714285714285694,0.9850299401197609
6,I,F,19,2,0.0952380952380952,31.8095238095238,0.5973053892215571
7,I,N,18,2,0.0952380952380952,31.8095238095238,0.5658682634730541
8,I,S,13,2,0.0952380952380952,31.8095238095238,0.40868263473053906
0,K,E,47,2,0.1428571428571428,24.99999999999999,1.8800000000000008
1,K,Q,13,2,0.1428571428571428,24.99999999999999,0.5200000000000002
2,K,I,1,1,0.0714285714285714,12.499999999999995,0.08000000000000003
3,K,R,67,2,0.1428571428571428,24.99999999999999,2.680000000000001
4,K,T,12,2,0.1428571428571428,24.99999999999999,0.4800000000000002
5,K,N,30,4,0.2857142857142857,50.0,0.6
6,K,M,5,1,0.0714285714285714,12.499999999999995,0.4000000000000002
0,L,M,35,2,0.0606060606060606,33.090909090909086,1.057692307692308
1,L,V,119,6,0.1818181818181818,99.27272727272727,1.198717948717949
2,L,W,10,1,0.0303030303030303,16.545454545454543,0.6043956043956045
3,L,S,30,2,0.0606060606060606,33.090909090909086,0.9065934065934067
4,L,F,128,6,0.1818181818181818,99.27272727272727,1.2893772893772895
5,L,I,40,4,0.1212121212121212,66.18181818181817,0.6043956043956045
6,L,H,14,2,0.0606060606060606,33.090909090909086,0.42307692307692313
7,L,R,49,4,0.1212121212121212,66.18181818181817,0.7403846153846155
8,L,P,105,4,0.1212121212121212,66.18181818181817,1.5865384615384617
9,L,Q,16,2,0.0606060606060606,33.090909090909086,0.4835164835164836
0,M,L,54,2,0.2222222222222222,88.0,0.6136363636363636
1,M,V,112,1,0.1111111111111111,44.0,2.5454545454545454
2,M,K,20,1,0.1111111111111111,44.0,0.45454545454545453
3,M,R,16,1,0.1111111111111111,44.0,0.36363636363636365
4,M,T,84,1,0.1111111111111111,44.0,1.9090909090909092
5,M,I,110,3,0.3333333333333333,132.0,0.8333333333333334
0,N,Y,11,2,0.125,50.25,0.21890547263681592
1,N,D,60,2,0.125,50.25,1.1940298507462686
2,N,H,35,2,0.125,50.25,0.6965174129353234
3,N,I,17,2,0.125,50.25,0.3383084577114428
4,N,S,160,2,0.125,50.25,3.18407960199005
5,N,T,34,2,0.125,50.25,0.6766169154228856
6,N,K,85,4,0.25,100.5,0.845771144278607
0,P,T,168,4,0.1666666666666666,247.33333333333323,0.6792452830188682
1,P,S,435,4,0.1666666666666666,247.33333333333323,1.7587601078167123
2,P,A,176,4,0.1666666666666666,247.33333333333323,0.7115902964959572
3,P,H,77,2,0.0833333333333333,123.66666666666661,0.6226415094339626
4,P,L,409,4,0.1666666666666666,247.33333333333323,1.6536388140161733
5,P,R,168,4,0.1666666666666666,247.33333333333323,0.6792452830188682
6,P,Q,51,2,0.0833333333333333,123.66666666666661,0.4123989218328843
0,Q,K,43,2,0.1428571428571428,66.99999999999997,0.6417910447761197
1,Q,E,76,2,0.1428571428571428,66.99999999999997,1.1343283582089556
2,Q,L,31,2,0.1428571428571428,66.99999999999997,0.4626865671641793
3,Q,R,151,2,0.1428571428571428,66.99999999999997,2.253731343283583
4,Q,P,44,2,0.1428571428571428,66.99999999999997,0.656716417910448
5,Q,H,124,4,0.2857142857142857,134.0,0.9253731343283582
0,R,S,47,6,0.1764705882352941,122.11764705882352,0.3848747591522158
1,R,C,94,2,0.0588235294117647,40.705882352941174,2.309248554913295
2,R,G,81,6,0.1764705882352941,122.11764705882352,0.6632947976878613
3,R,H,101,2,0.0588235294117647,40.705882352941174,2.4812138728323703
4,R,L,50,4,0.1176470588235294,81.41176470588235,0.6141618497109826
5,R,P,35,4,0.1176470588235294,81.41176470588235,0.42991329479768786
6,R,W,81,2,0.0588235294117647,40.705882352941174,1.989884393063584
7,R,Q,126,2,0.0588235294117647,40.705882352941174,3.095375722543353
8,R,K,43,2,0.0588235294117647,40.705882352941174,1.0563583815028903
9,R,M,5,1,0.0294117647058823,20.35294117647055,0.2456647398843935
10,R,T,19,2,0.0588235294117647,40.705882352941174,0.46676300578034685
11,R,I,10,1,0.0294117647058823,20.35294117647055,0.491329479768787
0,S,T,108,6,0.1621621621621621,182.43243243243234,0.5920000000000003
1,S,A,51,4,0.1081081081081081,121.62162162162161,0.41933333333333334
2,S,P,121,4,0.1081081081081081,121.62162162162161,0.9948888888888889
3,S,Y,49,2,0.054054054054054,60.81081081081075,0.8057777777777786
4,S,F,148,2,0.054054054054054,60.81081081081075,2.43377777777778
5,S,C,103,4,0.1081081081081081,121.62162162162161,0.8468888888888889
6,S,L,111,2,0.054054054054054,60.81081081081075,1.8253333333333353
7,S,W,8,1,0.027027027027027,30.405405405405375,0.26311111111111135
8,S,G,98,2,0.054054054054054,60.81081081081075,1.6115555555555572
9,S,R,145,6,0.1621621621621621,182.43243243243234,0.7948148148148152
10,S,N,129,2,0.054054054054054,60.81081081081075,2.1213333333333355
11,S,I,54,2,0.054054054054054,60.81081081081075,0.8880000000000009
0,T,S,85,6,0.25,150.75,0.5638474295190713
1,T,A,149,4,0.1666666666666666,100.49999999999996,1.4825870646766175
2,T,P,33,4,0.1666666666666666,100.49999999999996,0.328358208955224
3,T,K,24,2,0.0833333333333333,50.24999999999998,0.4776119402985077
4,T,I,185,3,0.125,75.375,2.4543946932006633
5,T,R,22,2,0.0833333333333333,50.24999999999998,0.437810945273632
6,T,N,57,2,0.0833333333333333,50.24999999999998,1.1343283582089556
7,T,M,48,1,0.0416666666666666,25.12499999999996,1.910447761194033
0,V,M,88,1,0.0416666666666666,19.624999999999968,4.484076433121026
1,V,L,105,6,0.25,117.75,0.89171974522293
2,V,E,10,2,0.0833333333333333,39.249999999999986,0.2547770700636944
3,V,G,36,4,0.1666666666666666,78.49999999999997,0.45859872611464986
4,V,A,85,4,0.1666666666666666,78.49999999999997,1.082802547770701
5,V,I,99,3,0.125,58.875,1.6815286624203822
6,V,F,34,2,0.0833333333333333,39.249999999999986,0.8662420382165609
7,V,D,14,2,0.0833333333333333,39.249999999999986,0.3566878980891721
0,W,R,9,2,0.2857142857142857,8.857142857142856,1.0161290322580647
1,W,G,2,1,0.1428571428571428,4.428571428571427,0.4516129032258066
2,W,L,2,1,0.1428571428571428,4.428571428571427,0.4516129032258066
3,W,S,1,1,0.1428571428571428,4.428571428571427,0.2258064516129033
4,W,C,17,2,0.2857142857142857,8.857142857142856,1.9193548387096777
0,Y,N,12,2,0.1666666666666666,34.33333333333332,0.34951456310679624
1,Y,D,8,2,0.1666666666666666,34.33333333333332,0.23300970873786417
2,Y,H,46,2,0.1666666666666666,34.33333333333332,1.339805825242719
3,Y,F,13,2,0.1666666666666666,34.33333333333332,0.37864077669902924
4,Y,C,107,2,0.1666666666666666,34.33333333333332,3.1165048543689333
5,Y,S,20,2,0.1666666666666666,34.33333333333332,0.5825242718446604
