,uniprotID,ENST,canonical_uniprot_id_isoform
0,A0A087WUV0,ENST00000425953.6,A0A087WUV0
1,A0AVK6,ENST00000250024.9,A0AVK6
2,A1YPR0,ENST00000535628.6,A1YPR0
3,A2RRD8,ENST00000391781.6,A2RRD8
4,A2RU54,ENST00000339992.4,A2RU54
5,A4D1E1,ENST00000333190.5,A4D1E1
6,A6NCS4,ENST00000325017.4,A6NCS4
7,A6NFI3,ENST00000382252.6,A6NFI3
8,A6NFQ7,ENST00000376650.2,A6NFQ7
9,A6NGD5,ENST00000534327.7,A6NGD5
10,A6NHJ4,ENST00000360311.5,A6NHJ4
11,A6NHT5,ENST00000357878.7,A6NHT5
12,A6NI15,ENST00000281047.4,A6NI15
13,A6NJG6,ENST00000334384.5,A6NJG6
14,A6NJL1,ENST00000586855.7,A6NJL1
15,A6NJT0,ENST00000316333.9,A6NJT0
16,A6NK53,ENST00000391958.6,A6NK53
17,A6NK75,ENST00000357774.9,A6NK75
18,A6NKF2,ENST00000378909.4,A6NKF2
19,A6NLW8,ENST00000554048.3,A6NLW8
20,A6NM28,ENST00000338647.7,A6NM28
21,A6NMT0,ENST00000524983.3,A6NMT0
22,A6NN14,ENST00000601693.2,A6NN14
23,A6NNA5,ENST00000374139.8,A6NNA5
24,A6NP11,ENST00000420713.2,A6NP11
25,A8MQ14,ENST00000591344.2,A8MQ14
26,A8MT65,ENST00000537226.3,A8MT65
27,A8MTJ6,ENST00000428390.3,A8MTJ6
28,A8MTQ0,ENST00000398468.4,A8MTQ0
29,A8MTY0,ENST00000418100.6,A8MTY0
30,A8MUV8,ENST00000456806.3,A8MUV8
31,A8MUZ8,ENST00000400156.4,A8MUZ8
32,A8MXY4,ENST00000596209.4,A8MXY4
33,A8MYZ6,ENST00000641094.2,A8MYZ6
34,B2RXF5,ENST00000342537.8,B2RXF5
35,B4DU55,ENST00000444149.7,B4DU55
36,B4DX44,ENST00000355095.8,B4DX44
37,B4DXR9,ENST00000419098.6,B4DXR9
38,B7Z6K7,ENST00000435989.7,B7Z6K7
39,C9JLR9,ENST00000433688.2,C9JLR9
40,C9JN71,ENST00000547628.2,C9JN71
41,E7ETH6,ENST00000442832.8,E7ETH6
42,E9PGG2,ENST00000419717.3,E9PGG2
43,O00110,ENST00000633214.2,O00110
44,O00358,ENST00000375123.5,O00358
45,O00570,ENST00000330949.3,O00570
46,O14503,ENST00000256495.4,O14503
47,O14529,ENST00000261726.11,O14529
48,O14627,ENST00000373514.3,O14627
49,O14753,ENST00000335987.8,O14753
50,O14813,ENST00000298231.5,O14813
51,O14867,ENST00000286800.8,O14867
52,O14978,ENST00000219069.6,O14978
53,O15060,ENST00000300101.3,O15060
54,O15062,ENST00000307750.5,O15062
55,O15090,ENST00000355537.4,O15090
56,O15209,ENST00000383196.4,O15209
57,O15353,ENST00000226247.2,O15353
58,O15370,ENST00000342665.5,O15370
59,O15391,ENST00000429584.3,O15391
60,O15499,ENST00000086933.3,O15499
61,O15516,ENST00000309964.8,O15516
62,O15522,ENST00000258829.6,O15522
63,O15525,ENST00000357736.9,O15525
64,O43186,ENST00000221996.12,O43186
65,O43248,ENST00000546378.1,O43248
66,O43296,ENST00000263095.10,O43296
67,O43298,ENST00000373457.1,O43298
68,O43361,ENST00000334181.5,O43361
69,O43364,ENST00000222718.7,O43364
70,O43365,ENST00000317201.7,O43365
71,O43623,ENST00000020945.4,O43623
72,O43638,ENST00000375978.5,O43638
73,O43680,ENST00000237316.3,O43680
74,O43711,ENST00000296921.6,O43711
75,O43763,ENST00000233638.8,O43763
76,O43823,ENST00000269701.7,O43823
77,O43829,ENST00000357006.8,O43829
78,O60284,ENST00000276480.11,O60284
79,O60422,ENST00000382349.5,O60422
80,O60479,ENST00000434704.2,O60479
81,O60519,ENST00000228865.3,O60519
82,O60548,ENST00000334793.6,O60548
83,O60675,ENST00000343242.9,O60675
84,O60682,ENST00000325509.5,O60682
85,O60765,ENST00000335815.7,O60765
86,O60806,ENST00000367821.8,O60806
87,O75132,ENST00000216268.6,O75132
88,O75333,ENST00000335385.4,O75333
89,O75360,ENST00000308304.2,O75360
90,O75362,ENST00000302342.3,O75362
91,O75364,ENST00000370002.8,O75364
92,O75373,ENST00000427401.9,O75373
93,O75467,ENST00000196482.4,O75467
94,O75593,ENST00000377317.5,O75593
95,O75603,ENST00000379491.5,O75603
96,O94892,ENST00000221315.10,O94892
97,O95076,ENST00000647563.2,O95076
98,O95096,ENST00000377142.5,O95096
99,O95201,ENST00000219091.9,O95201
100,O95231,ENST00000325980.10,O95231
101,O95343,ENST00000260653.5,O95343
102,O95365,ENST00000322357.9,O95365
103,O95409,ENST00000376335.8,O95409
104,O95416,ENST00000306087.3,O95416
105,O95475,ENST00000327720.6,O95475
106,O95625,ENST00000312938.5,O95625
107,O95863,ENST00000244050.3,O95863
108,O95935,ENST00000369663.10,O95935
109,O95948,ENST00000491143.3,O95948
110,O96004,ENST00000231121.3,O96004
111,O96006,ENST00000381218.8,O96006
112,P04198,ENST00000281043.4,P04198
113,P05412,ENST00000371222.4,P05412
114,P07199,ENST00000379751.5,P07199
115,P09016,ENST00000306324.4,P09016
116,P09017,ENST00000303406.4,P09017
117,P09067,ENST00000239151.6,P09067
118,P09629,ENST00000239165.9,P09629
119,P0C7M4,ENST00000371402.5,P0C7M4
120,P0CB33,ENST00000429565.5,P0CB33
121,P0CF97,ENST00000422728.3,P0CF97
122,P0CG23,ENST00000457543.4,P0CG23
123,P0CG24,ENST00000639662.2,P0CG24
124,P0CG40,ENST00000394967.3,P0CG40
125,P0CH99,ENST00000400085.8,P0CH99
126,P0CI00,ENST00000400120.3,P0CI00
127,P0CJ78,ENST00000568956.2,P0CJ78
128,P0CJ79,ENST00000638862.2,P0CJ79
129,P0DKX0,ENST00000594710.2,P0DKX0
130,P10071,ENST00000395925.8,P10071
131,P10073,ENST00000329665.5,P10073
132,P10074,ENST00000377674.9,P10074
133,P10075,ENST00000340042.2,P10075
134,P10588,ENST00000291442.4,P10588
135,P10589,ENST00000327111.8,P10589
136,P10914,ENST00000245414.9,P10914
137,P11831,ENST00000265354.6,P11831
138,P12755,ENST00000378536.5,P12755
139,P12980,ENST00000264824.5,P12980
140,P13349,ENST00000228644.4,P13349
141,P13682,ENST00000396056.7,P13682
142,P14652,ENST00000330070.6,P14652
143,P15036,ENST00000360214.8,P15036
144,P15172,ENST00000250003.4,P15172
145,P15173,ENST00000241651.5,P15173
146,P17017,ENST00000344099.4,P17017
147,P17019,ENST00000356929.3,P17019
148,P17020,ENST00000276816.8,P17020
149,P17024,ENST00000334213.10,P17024
150,P17026,ENST00000298299.4,P17026
151,P17029,ENST00000324306.11,P17029
152,P17031,ENST00000328654.10,P17031
153,P17032,ENST00000351773.7,P17032
154,P17041,ENST00000374433.7,P17041
155,P17098,ENST00000621650.2,P17098
156,P17275,ENST00000302754.6,P17275
157,P17481,ENST00000239144.5,P17481
158,P17482,ENST00000311177.7,P17482
159,P17483,ENST00000332503.6,P17483
160,P17535,ENST00000252818.5,P17535
161,P18146,ENST00000239938.5,P18146
162,P18848,ENST00000337304.2,P18848
163,P18850,ENST00000367942.4,P18850
164,P19622,ENST00000297375.4,P19622
165,P20264,ENST00000361360.4,P20264
166,P20393,ENST00000246672.4,P20393
167,P20719,ENST00000222726.4,P20719
168,P21506,ENST00000248211.11,P21506
169,P22670,ENST00000254325.9,P22670
170,P23025,ENST00000375128.5,P23025
171,P23409,ENST00000228641.4,P23409
172,P24278,ENST00000394715.1,P24278
173,P25208,ENST00000240055.8,P25208
174,P25490,ENST00000262238.10,P25490
175,P28356,ENST00000249499.8,P28356
176,P28358,ENST00000249501.5,P28358
177,P28360,ENST00000382723.5,P28360
178,P31249,ENST00000249440.4,P31249
179,P31267,ENST00000222728.3,P31267
180,P31268,ENST00000242159.5,P31268
181,P31269,ENST00000343483.7,P31269
182,P31270,ENST00000006015.4,P31270
183,P31271,ENST00000649031.1,P31271
184,P31273,ENST00000040584.6,P31273
185,P31274,ENST00000303450.5,P31274
186,P31275,ENST00000243103.4,P31275
187,P31276,ENST00000243056.5,P31276
188,P31277,ENST00000249504.7,P31277
189,P31629,ENST00000012134.7,P31629
190,P32242,ENST00000282549.7,P32242
191,P35227,ENST00000610440.1,P35227
192,P35453,ENST00000392539.4,P35453
193,P35548,ENST00000239243.7,P35548
194,P35713,ENST00000340356.9,P35713
195,P35716,ENST00000322002.5,P35716
196,P35869,ENST00000242057.9,P35869
197,P40425,ENST00000375050.6,P40425
198,P41212,ENST00000396373.9,P41212
199,P41225,ENST00000370536.5,P41225
200,P41970,ENST00000228741.8,P41970
201,P48431,ENST00000325404.3,P48431
202,P48436,ENST00000245479.3,P48436
203,P48443,ENST00000359842.10,P48443
204,P48742,ENST00000614239.1,P48742
205,P49716,ENST00000408965.4,P49716
206,P49910,ENST00000377325.2,P49910
207,P50222,ENST00000262041.6,P50222
208,P50458,ENST00000373615.9,P50458
209,P50553,ENST00000266744.4,P50553
210,P51504,ENST00000308095.4,P51504
211,P51508,ENST00000338637.13,P51508
212,P51523,ENST00000327668.11,P51523
213,P51692,ENST00000293328.8,P51692
214,P51786,ENST00000377073.4,P51786
215,P52737,ENST00000343979.6,P52737
216,P52746,ENST00000449707.5,P52746
217,P52945,ENST00000381033.5,P52945
218,P52951,ENST00000306318.5,P52951
219,P52954,ENST00000370193.4,P52954
220,P53567,ENST00000284000.9,P53567
221,P55316,ENST00000313071.7,P55316
222,P55318,ENST00000302177.3,P55318
223,P55771,ENST00000361487.7,P55771
224,P56915,ENST00000238558.5,P56915
225,P57071,ENST00000269844.5,P57071
226,P57073,ENST00000293894.4,P57073
227,P58012,ENST00000648323.1,P58012
228,P58304,ENST00000261980.3,P58304
229,P58317,ENST00000320451.7,P58317
230,P59817,ENST00000302097.3,P59817
231,P59923,ENST00000396077.8,P59923
232,P61371,ENST00000230658.12,P61371
233,P62380,ENST00000237264.9,P62380
234,P67809,ENST00000321358.12,P67809
235,P78337,ENST00000265340.12,P78337
236,P78367,ENST00000382438.6,P78367
237,P78412,ENST00000290552.8,P78412
238,P78414,ENST00000302006.4,P78414
239,P78415,ENST00000329734.4,P78415
240,P78426,ENST00000295886.5,P78426
241,P81133,ENST00000262901.4,P81133
242,P86452,ENST00000550078.3,P86452
243,P98168,ENST00000358697.6,P98168
244,P98169,ENST00000374888.3,P98169
245,Q00056,ENST00000360046.10,Q00056
246,Q00403,ENST00000370500.10,Q00403
247,Q00444,ENST00000312492.3,Q00444
248,Q00577,ENST00000331327.5,Q00577
249,Q00978,ENST00000396864.8,Q00978
250,Q01094,ENST00000343380.6,Q01094
251,Q01101,ENST00000310227.3,Q01101
252,Q01201,ENST00000221452.13,Q01201
253,Q01658,ENST00000370267.1,Q01658
254,Q01664,ENST00000204517.11,Q01664
255,Q01954,ENST00000345382.7,Q01954
256,Q02386,ENST00000269973.10,Q02386
257,Q02446,ENST00000222584.8,Q02446
258,Q02556,ENST00000268638.10,Q02556
259,Q02575,ENST00000302101.6,Q02575
260,Q02577,ENST00000320238.3,Q02577
261,Q03014,ENST00000282728.10,Q03014
262,Q03052,ENST00000373012.5,Q03052
263,Q03701,ENST00000234170.10,Q03701
264,Q03828,ENST00000308618.5,Q03828
265,Q03924,ENST00000282869.11,Q03924
266,Q03938,ENST00000418063.3,Q03938
267,Q05066,ENST00000383070.2,Q05066
268,Q05215,ENST00000545030.1,Q05215
269,Q05925,ENST00000295206.7,Q05925
270,Q06416,ENST00000465342.4,Q06416
271,Q06546,ENST00000354828.7,Q06546
272,Q06732,ENST00000359467.8,Q06732
273,Q06945,ENST00000244745.4,Q06945
274,Q08AG5,ENST00000439326.8,Q08AG5
275,Q08AN1,ENST00000600228.6,Q08AN1
276,Q08ER8,ENST00000321545.5,Q08ER8
277,Q0VG99,ENST00000341735.5,Q0VG99
278,Q0VGE8,ENST00000357666.8,Q0VGE8
279,Q10586,ENST00000222122.10,Q10586
280,Q12778,ENST00000379561.6,Q12778
281,Q12870,ENST00000246080.4,Q12870
282,Q12946,ENST00000262426.6,Q12946
283,Q12947,ENST00000645481.2,Q12947
284,Q12948,ENST00000645831.2,Q12948
285,Q12950,ENST00000382500.4,Q12950
286,Q12952,ENST00000320241.5,Q12952
287,Q13106,ENST00000451275.1,Q13106
288,Q13129,ENST00000372771.5,Q13129
289,Q13207,ENST00000240328.4,Q13207
290,Q13285,ENST00000373588.9,Q13285
291,Q13351,ENST00000264834.6,Q13351
292,Q13461,ENST00000335071.4,Q13461
293,Q13485,ENST00000342988.8,Q13485
294,Q13487,ENST00000221573.11,Q13487
295,Q13516,ENST00000333337.3,Q13516
296,Q13526,ENST00000247970.9,Q13526
297,Q13562,ENST00000295108.4,Q13562
298,Q13886,ENST00000377126.4,Q13886
299,Q14119,ENST00000581208.2,Q14119
300,Q14209,ENST00000361729.3,Q14209
301,Q14469,ENST00000232424.4,Q14469
302,Q14549,ENST00000297537.5,Q14549
303,Q14582,ENST00000337190.7,Q14582
304,Q14584,ENST00000588221.5,Q14584
305,Q14585,ENST00000331800.9,Q14585
306,Q14586,ENST00000300870.15,Q14586
307,Q14588,ENST00000426739.7,Q14588
308,Q14765,ENST00000358470.8,Q14765
309,Q14774,ENST00000366903.8,Q14774
310,Q14872,ENST00000373036.5,Q14872
311,Q14929,ENST00000395395.7,Q14929
312,Q14995,ENST00000312521.9,Q14995
313,Q15072,ENST00000443387.3,Q15072
314,Q15075,ENST00000322349.13,Q15075
315,Q15270,ENST00000422806.2,Q15270
316,Q15319,ENST00000646991.2,Q15319
317,Q15361,ENST00000334270.3,Q15361
318,Q15475,ENST00000645694.3,Q15475
319,Q15596,ENST00000452400.7,Q15596
320,Q15672,ENST00000242261.6,Q15672
321,Q15699,ENST00000316824.4,Q15699
322,Q15744,ENST00000206513.6,Q15744
323,Q15784,ENST00000302584.5,Q15784
324,Q15915,ENST00000282928.5,Q15915
325,Q15916,ENST00000373659.4,Q15916
326,Q15928,ENST00000240499.8,Q15928
327,Q15935,ENST00000314531.5,Q15935
328,Q15937,ENST00000342483.5,Q15937
329,Q16254,ENST00000379378.8,Q16254
330,Q16520,ENST00000286639.8,Q16520
331,Q16559,ENST00000334077.6,Q16559
332,Q16600,ENST00000306006.10,Q16600
333,Q16621,ENST00000312156.8,Q16621
334,Q16633,ENST00000393067.8,Q16633
335,Q16649,ENST00000297689.4,Q16649
336,Q16676,ENST00000615637.3,Q16676
337,Q17RP2,ENST00000296736.4,Q17RP2
338,Q2M1V0,ENST00000308700.6,Q2M1V0
339,Q2TB10,ENST00000265827.8,Q2TB10
340,Q2VY69,ENST00000421176.4,Q2VY69
341,Q32M78,ENST00000308650.4,Q32M78
342,Q32MQ0,ENST00000269394.4,Q32MQ0
343,Q3C1V8,ENST00000343035.3,Q3C1V8
344,Q3KNW1,ENST00000332281.6,Q3KNW1
345,Q3KQV3,ENST00000404801.2,Q3KQV3
346,Q3MJ62,ENST00000289788.5,Q3MJ62
347,Q3SY56,ENST00000342234.3,Q3SY56
348,Q3SYB3,ENST00000622588.2,Q3SYB3
349,Q3ZCT1,ENST00000523638.6,Q3ZCT1
350,Q494X3,ENST00000587539.2,Q494X3
351,Q499Z4,ENST00000306562.8,Q499Z4
352,Q49AA0,ENST00000372705.3,Q49AA0
353,Q49AG3,ENST00000413761.7,Q49AG3
354,Q49AM1,ENST00000240050.9,Q49AM1
355,Q4W5G0,ENST00000603357.3,Q4W5G0
356,Q52M93,ENST00000532828.7,Q52M93
357,Q5EBL2,ENST00000598519.2,Q5EBL2
358,Q5H9I0,ENST00000310125.5,Q5H9I0
359,Q5HY98,ENST00000439461.6,Q5HY98
360,Q5HYK9,ENST00000292069.10,Q5HYK9
361,Q5JNZ3,ENST00000377179.4,Q5JNZ3
362,Q5JPB2,ENST00000371030.4,Q5JPB2
363,Q5JT82,ENST00000372299.4,Q5JT82
364,Q5SXM1,ENST00000343776.10,Q5SXM1
365,Q5SXM2,ENST00000298532.2,Q5SXM2
366,Q5T0B9,ENST00000373428.5,Q5T0B9
367,Q5T5D7,ENST00000372699.8,Q5T5D7
368,Q5T619,ENST00000339948.3,Q5T619
369,Q5TA89,ENST00000378453.4,Q5TA89
370,Q5TEC3,ENST00000421812.3,Q5TEC3
371,Q5TGS1,ENST00000377898.4,Q5TGS1
372,Q5TGY3,ENST00000247087.10,Q5TGY3
373,Q5VV16,ENST00000377420.1,Q5VV16
374,Q5VYV0,ENST00000376708.1,Q5VYV0
375,Q5VZB9,ENST00000325870.3,Q5VZB9
376,Q5XKR4,ENST00000306422.5,Q5XKR4
377,Q63HK5,ENST00000240587.5,Q63HK5
378,Q66K89,ENST00000301727.9,Q66K89
379,Q68DE3,ENST00000316407.9,Q68DE3
380,Q68DI1,ENST00000317178.10,Q68DI1
381,Q68EA5,ENST00000306908.10,Q68EA5
382,Q6AZW8,ENST00000322734.2,Q6AZW8
383,Q6B0B8,ENST00000309880.6,Q6B0B8
384,Q6BEB4,ENST00000375281.4,Q6BEB4
385,Q6DD87,ENST00000610935.2,Q6DD87
386,Q6IQ21,ENST00000356321.4,Q6IQ21
387,Q6IQ32,ENST00000262198.9,Q6IQ32
388,Q6IV72,ENST00000378061.7,Q6IV72
389,Q6NSW7,ENST00000528386.4,Q6NSW7
390,Q6NX45,ENST00000354377.8,Q6NX45
391,Q6NX49,ENST00000269829.5,Q6NX49
392,Q6P280,ENST00000591340.6,Q6P280
393,Q6P9A1,ENST00000332854.11,Q6P9A1
394,Q6PG37,ENST00000356725.9,Q6PG37
395,Q6PJQ5,ENST00000339140.5,Q6PJQ5
396,Q6QHK4,ENST00000332372.6,Q6QHK4
397,Q6R2W3,ENST00000452236.3,Q6R2W3
398,Q6S9Z5,ENST00000296600.5,Q6S9Z5
399,Q6SJ96,ENST00000247219.6,Q6SJ96
400,Q6U7Q0,ENST00000415922.7,Q6U7Q0
401,Q6VB84,ENST00000342833.4,Q6VB84
402,Q6VUC0,ENST00000373235.4,Q6VUC0
403,Q6XD76,ENST00000342331.5,Q6XD76
404,Q6ZMS4,ENST00000436261.7,Q6ZMS4
405,Q6ZMV8,ENST00000597761.7,Q6ZMV8
406,Q6ZMW2,ENST00000481138.6,Q6ZMW2
407,Q6ZMY9,ENST00000359971.4,Q6ZMY9
408,Q6ZN06,ENST00000396403.9,Q6ZN06
409,Q6ZN08,ENST00000344519.10,Q6ZN08
410,Q6ZN32,ENST00000454449.3,Q6ZN32
411,Q6ZN57,ENST00000361362.7,Q6ZN57
412,Q6ZN79,ENST00000359286.4,Q6ZN79
413,Q6ZNA1,ENST00000597252.5,Q6ZNA1
414,Q6ZNC4,ENST00000327835.7,Q6ZNC4
415,Q6ZNG1,ENST00000338230.3,Q6ZNG1
416,Q6ZNG2,ENST00000332700.6,Q6ZNG2
417,Q6ZNH5,ENST00000311044.8,Q6ZNH5
418,Q6ZQN5,ENST00000388920.5,Q6ZQN5
419,Q6ZTZ1,ENST00000438480.7,Q6ZTZ1
420,Q7L3S4,ENST00000319296.10,Q7L3S4
421,Q7L945,ENST00000361113.10,Q7L945
422,Q7RTS1,ENST00000314018.2,Q7RTS1
423,Q7RTS3,ENST00000376504.4,Q7RTS3
424,Q7RTU0,ENST00000563496.2,Q7RTU0
425,Q7RTU1,ENST00000296096.6,Q7RTU1
426,Q7RTU3,ENST00000367734.4,Q7RTU3
427,Q7RTU4,ENST00000391429.2,Q7RTU4
428,Q7RTU7,ENST00000567180.3,Q7RTU7
429,Q7Z3I7,ENST00000319286.6,Q7Z3I7
430,Q7Z3V5,ENST00000358744.3,Q7Z3V5
431,Q7Z570,ENST00000302277.7,Q7Z570
432,Q7Z5D8,ENST00000382119.1,Q7Z5D8
433,Q7Z6M4,ENST00000241527.10,Q7Z6M4
434,Q7Z6R9,ENST00000008391.4,Q7Z6R9
435,Q7Z7K2,ENST00000302017.4,Q7Z7K2
436,Q86T24,ENST00000326624.2,Q86T24
437,Q86TJ5,ENST00000317243.10,Q86TJ5
438,Q86UD4,ENST00000358067.5,Q86UD4
439,Q86UE3,ENST00000347077.9,Q86UE3
440,Q86UZ6,ENST00000245663.9,Q86UZ6
441,Q86V71,ENST00000358491.9,Q86V71
442,Q86VE0,ENST00000322217.6,Q86VE0
443,Q86XF7,ENST00000314228.10,Q86XF7
444,Q86XN6,ENST00000432094.6,Q86XN6
445,Q86XU0,ENST00000333952.8,Q86XU0
446,Q86Y25,ENST00000315475.7,Q86Y25
447,Q86YH2,ENST00000613655.1,Q86YH2
448,Q8HWS3,ENST00000332958.3,Q8HWS3
449,Q8IUE0,ENST00000321217.5,Q8IUE0
450,Q8IUE1,ENST00000283891.6,Q8IUE1
451,Q8IVC4,ENST00000306910.9,Q8IVC4
452,Q8IX07,ENST00000319555.8,Q8IX07
453,Q8IY51,ENST00000304337.3,Q8IY51
454,Q8IYA7,ENST00000375790.9,Q8IYA7
455,Q8IYB9,ENST00000610261.6,Q8IYB9
456,Q8IYI8,ENST00000304060.10,Q8IYI8
457,Q8IYN0,ENST00000358296.11,Q8IYN0
458,Q8IYX0,ENST00000255746.7,Q8IYX0
459,Q8IZ26,ENST00000343459.9,Q8IZ26
460,Q8IZM8,ENST00000636215.2,Q8IZM8
461,Q8N100,ENST00000373673.5,Q8N100
462,Q8N123,ENST00000276127.9,Q8N123
463,Q8N141,ENST00000392161.4,Q8N141
464,Q8N143,ENST00000293805.10,Q8N143
465,Q8N196,ENST00000317578.7,Q8N196
466,Q8N1W2,ENST00000268154.9,Q8N1W2
467,Q8N3J9,ENST00000337815.9,Q8N3J9
468,Q8N446,ENST00000315678.10,Q8N446
469,Q8N5J4,ENST00000551346.2,Q8N5J4
470,Q8N5P1,ENST00000409573.7,Q8N5P1
471,Q8N680,ENST00000325144.5,Q8N680
472,Q8N693,ENST00000372588.4,Q8N693
473,Q8N782,ENST00000474037.6,Q8N782
474,Q8N7E2,ENST00000323684.4,Q8N7E2
475,Q8N7G0,ENST00000606183.4,Q8N7G0
476,Q8N7M2,ENST00000324461.9,Q8N7M2
477,Q8N7Q3,ENST00000395385.7,Q8N7Q3
478,Q8N859,ENST00000429591.4,Q8N859
479,Q8N895,ENST00000318442.6,Q8N895
480,Q8N8L2,ENST00000323169.10,Q8N8L2
481,Q8N8Y5,ENST00000330701.7,Q8N8Y5
482,Q8N972,ENST00000397732.8,Q8N972
483,Q8N9F8,ENST00000320129.7,Q8N9F8
484,Q8NA42,ENST00000352998.7,Q8NA42
485,Q8NA92,ENST00000292894.2,Q8NA92
486,Q8NAF0,ENST00000325421.7,Q8NAF0
487,Q8NAM6,ENST00000318203.9,Q8NAM6
488,Q8NAP3,ENST00000321464.7,Q8NAP3
489,Q8NBF1,ENST00000312233.4,Q8NBF1
490,Q8NCA9,ENST00000325351.5,Q8NCA9
491,Q8NCY6,ENST00000301919.9,Q8NCY6
492,Q8ND82,ENST00000370978.9,Q8ND82
493,Q8NDP4,ENST00000304030.2,Q8NDP4
494,Q8NDX6,ENST00000416904.5,Q8NDX6
495,Q8NDY6,ENST00000370346.2,Q8NDY6
496,Q8NFJ8,ENST00000321870.3,Q8NFJ8
497,Q8NHV9,ENST00000217999.3,Q8NHV9
498,Q8NHW3,ENST00000333480.3,Q8NHW3
499,Q8TAK6,ENST00000382348.2,Q8TAK6
500,Q8TAU0,ENST00000344586.9,Q8TAU0
501,Q8TAW3,ENST00000317398.10,Q8TAW3
502,Q8TAX0,ENST00000272223.3,Q8TAX0
503,Q8TB69,ENST00000590202.3,Q8TB69
504,Q8TBZ5,ENST00000296091.8,Q8TBZ5
505,Q8TBZ8,ENST00000339282.12,Q8TBZ8
506,Q8TD23,ENST00000359788.9,Q8TD23
507,Q8TD94,ENST00000583337.4,Q8TD94
508,Q8TF32,ENST00000311048.11,Q8TF32
509,Q8TF45,ENST00000396147.6,Q8TF45
510,Q8TF50,ENST00000301215.8,Q8TF50
511,Q8WTR7,ENST00000270617.8,Q8WTR7
512,Q8WUU4,ENST00000303809.7,Q8WUU4
513,Q8WVJ9,ENST00000448943.2,Q8WVJ9
514,Q8WXB4,ENST00000341164.9,Q8WXB4
515,Q8WXI9,ENST00000368655.5,Q8WXI9
516,Q8WXT5,ENST00000377413.3,Q8WXT5
517,Q92610,ENST00000299927.4,Q92610
518,Q92618,ENST00000443185.7,Q92618
519,Q92786,ENST00000366958.9,Q92786
520,Q92826,ENST00000290295.8,Q92826
521,Q92858,ENST00000306011.6,Q92858
522,Q92886,ENST00000314744.6,Q92886
523,Q92949,ENST00000322957.7,Q92949
524,Q969G2,ENST00000263726.4,Q969G2
525,Q969J2,ENST00000377294.3,Q969J2
526,Q96A47,ENST00000290759.9,Q96A47
527,Q96B54,ENST00000300811.8,Q96B54
528,Q96BF6,ENST00000277554.4,Q96BF6
529,Q96BV0,ENST00000329630.10,Q96BV0
530,Q96C00,ENST00000395064.3,Q96C00
531,Q96C28,ENST00000358656.9,Q96C28
532,Q96C55,ENST00000301073.4,Q96C55
533,Q96CK0,ENST00000293771.10,Q96CK0
534,Q96CS4,ENST00000287461.8,Q96CS4
535,Q96DN6,ENST00000355673.8,Q96DN6
536,Q96EG3,ENST00000427624.2,Q96EG3
537,Q96EK4,ENST00000303596.3,Q96EK4
538,Q96H40,ENST00000335117.9,Q96H40
539,Q96IR2,ENST00000458035.3,Q96IR2
540,Q96IS3,ENST00000555633.3,Q96IS3
541,Q96IU2,ENST00000255198.3,Q96IU2
542,Q96JC4,ENST00000319636.10,Q96JC4
543,Q96JF6,ENST00000399604.4,Q96JF6
544,Q96JG9,ENST00000565624.3,Q96JG9
545,Q96JM3,ENST00000361283.4,Q96JM3
546,Q96K62,ENST00000354590.7,Q96K62
547,Q96K75,ENST00000295208.7,Q96K75
548,Q96K83,ENST00000361524.8,Q96K83
549,Q96KM6,ENST00000369888.6,Q96KM6
550,Q96LU7,ENST00000552032.7,Q96LU7
551,Q96LW1,ENST00000322434.8,Q96LW1
552,Q96LX8,ENST00000301744.7,Q96LX8
553,Q96MA1,ENST00000371445.3,Q96MA1
554,Q96MM3,ENST00000326866.5,Q96MM3
555,Q96MR9,ENST00000301480.5,Q96MR9
556,Q96MW7,ENST00000408957.7,Q96MW7
557,Q96MX3,ENST00000320159.2,Q96MX3
558,Q96N20,ENST00000574298.6,Q96N20
559,Q96N58,ENST00000421239.7,Q96N58
560,Q96NB3,ENST00000361952.5,Q96NB3
561,Q96ND8,ENST00000291598.11,Q96ND8
562,Q96NG8,ENST00000301310.8,Q96NG8
563,Q96NJ6,ENST00000318833.4,Q96NJ6
564,Q96NK8,ENST00000297142.4,Q96NK8
565,Q96PE6,ENST00000269834.1,Q96PE6
566,Q96QR8,ENST00000395699.5,Q96QR8
567,Q96QS3,ENST00000379044.5,Q96QS3
568,Q96RJ6,ENST00000275461.3,Q96RJ6
569,Q96S65,ENST00000273153.10,Q96S65
570,Q96SC8,ENST00000404795.4,Q96SC8
571,Q96SL8,ENST00000221665.5,Q96SL8
572,Q96T25,ENST00000267294.5,Q96T25
573,Q96T58,ENST00000375759.8,Q96T58
574,Q96T92,ENST00000307169.4,Q96T92
575,Q99453,ENST00000226382.4,Q99453
576,Q99459,ENST00000371477.4,Q99459
577,Q99551,ENST00000351870.8,Q99551
578,Q99581,ENST00000295727.2,Q99581
579,Q99583,ENST00000174618.5,Q99583
580,Q99594,ENST00000338863.13,Q99594
581,Q99607,ENST00000308167.10,Q99607
582,Q99626,ENST00000381020.8,Q99626
583,Q99676,ENST00000211936.10,Q99676
584,Q99684,ENST00000294702.6,Q99684
585,Q99717,ENST00000509297.6,Q99717
586,Q99743,ENST00000335681.10,Q99743
587,Q99811,ENST00000372469.6,Q99811
588,Q99814,ENST00000263734.5,Q99814
589,Q99853,ENST00000396057.6,Q99853
590,Q99856,ENST00000263620.8,Q99856
591,Q99929,ENST00000331289.5,Q99929
592,Q99958,ENST00000649859.1,Q99958
593,Q9BQY4,ENST00000371388.5,Q9BQY4
594,Q9BRH9,ENST00000292562.12,Q9BRH9
595,Q9BRJ9,ENST00000300057.5,Q9BRJ9
596,Q9BS31,ENST00000354957.8,Q9BS31
597,Q9BS34,ENST00000366503.3,Q9BS34
598,Q9BT49,ENST00000215742.9,Q9BT49
599,Q9BTP6,ENST00000317012.5,Q9BTP6
600,Q9BUY5,ENST00000253115.7,Q9BUY5
601,Q9BWM5,ENST00000196489.4,Q9BWM5
602,Q9BWW7,ENST00000569446.3,Q9BWW7
603,Q9BWX5,ENST00000252997.3,Q9BWX5
604,Q9BXG8,ENST00000296739.6,Q9BXG8
605,Q9BXK1,ENST00000250916.6,Q9BXK1
606,Q9BY31,ENST00000652011.2,Q9BY31
607,Q9BYU1,ENST00000251203.14,Q9BYU1
608,Q9BYV9,ENST00000257749.9,Q9BYV9
609,Q9BZE0,ENST00000262366.7,Q9BZE0
610,Q9BZE3,ENST00000263610.7,Q9BZE3
611,Q9BZI1,ENST00000302057.6,Q9BZI1
612,Q9BZM3,ENST00000326902.7,Q9BZM3
613,Q9C009,ENST00000296839.5,Q9C009
614,Q9C056,ENST00000368592.8,Q9C056
615,Q9C0D4,ENST00000326756.4,Q9C0D4
616,Q9C0F3,ENST00000314011.9,Q9C0F3
617,Q9C0J9,ENST00000242728.5,Q9C0J9
618,Q9GZV8,ENST00000276594.3,Q9GZV8
619,Q9GZX5,ENST00000243644.9,Q9GZX5
620,Q9GZZ0,ENST00000331462.6,Q9GZZ0
621,Q9H0M5,ENST00000254321.10,Q9H0M5
622,Q9H0W7,ENST00000308086.3,Q9H0W7
623,Q9H147,ENST00000372622.8,Q9H147
624,Q9H161,ENST00000652299.1,Q9H161
625,Q9H175,ENST00000228515.6,Q9H175
626,Q9H2A3,ENST00000313341.4,Q9H2A3
627,Q9H2C1,ENST00000261731.4,Q9H2C1
628,Q9H2P0,ENST00000349014.8,Q9H2P0
629,Q9H2Z4,ENST00000351817.5,Q9H2Z4
630,Q9H4Q3,ENST00000369215.5,Q9H4Q3
631,Q9H4Q4,ENST00000253008.3,Q9H4Q4
632,Q9H4S2,ENST00000302945.3,Q9H4S2
633,Q9H4T2,ENST00000340487.5,Q9H4T2
634,Q9H5H4,ENST00000380412.7,Q9H5H4
635,Q9H5J0,ENST00000673933.1,Q9H5J0
636,Q9H5L6,ENST00000302236.10,Q9H5L6
637,Q9H5V7,ENST00000368886.10,Q9H5V7
638,Q9H609,ENST00000336564.5,Q9H609
639,Q9H6B1,ENST00000281523.8,Q9H6B1
640,Q9H6I2,ENST00000297316.5,Q9H6I2
641,Q9H707,ENST00000391701.1,Q9H707
642,Q9H7R5,ENST00000396424.5,Q9H7R5
643,Q9H7S9,ENST00000331569.6,Q9H7S9
644,Q9H7X3,ENST00000330143.8,Q9H7X3
645,Q9H8G1,ENST00000261560.10,Q9H8G1
646,Q9H8N7,ENST00000344423.10,Q9H8N7
647,Q9H8Y5,ENST00000323348.10,Q9H8Y5
648,Q9H9D4,ENST00000311764.3,Q9H9D4
649,Q9H9Z2,ENST00000254231.4,Q9H9Z2
650,Q9HAH1,ENST00000307635.3,Q9HAH1
651,Q9HB31,ENST00000536498.6,Q9HB31
652,Q9HBT7,ENST00000395824.5,Q9HBT7
653,Q9HC44,ENST00000290795.7,Q9HC44
654,Q9HCC6,ENST00000304952.11,Q9HCC6
655,Q9HCE3,ENST00000336078.8,Q9HCE3
656,Q9HCK0,ENST00000373654.1,Q9HCK0
657,Q9HCL3,ENST00000270001.12,Q9HCL3
658,Q9HCS4,ENST00000282111.4,Q9HCS4
659,Q9HCU5,ENST00000260643.7,Q9HCU5
660,Q9HCX3,ENST00000282286.6,Q9HCX3
661,Q9HCZ1,ENST00000347606.8,Q9HCZ1
662,Q9HD90,ENST00000242994.4,Q9HD90
663,Q9NP08,ENST00000400677.5,Q9NP08
664,Q9NP62,ENST00000259803.8,Q9NP62
665,Q9NPC8,ENST00000303077.7,Q9NPC8
666,Q9NQ03,ENST00000246104.7,Q9NQ03
667,Q9NQ33,ENST00000531618.2,Q9NQ33
668,Q9NQ87,ENST00000372852.4,Q9NQ87
669,Q9NQL9,ENST00000190165.3,Q9NQL9
670,Q9NQV7,ENST00000296682.4,Q9NQV7
671,Q9NQX6,ENST00000253144.13,Q9NQX6
672,Q9NQZ8,ENST00000328070.10,Q9NQZ8
673,Q9NR55,ENST00000243440.2,Q9NR55
674,Q9NRM2,ENST00000361822.8,Q9NRM2
675,Q9NRY4,ENST00000672722.1,Q9NRY4
676,Q9NS37,ENST00000490820.2,Q9NS37
677,Q9NU39,ENST00000306507.7,Q9NU39
678,Q9NW07,ENST00000597229.2,Q9NW07
679,Q9NX63,ENST00000262570.10,Q9NX63
680,Q9NY43,ENST00000370445.5,Q9NY43
681,Q9NYD6,ENST00000303460.5,Q9NYD6
682,Q9NZI6,ENST00000263707.6,Q9NZI6
683,Q9NZL3,ENST00000336976.10,Q9NZL3
684,Q9NZV7,ENST00000593711.6,Q9NZV7
685,Q9P0J7,ENST00000409785.9,Q9P0J7
686,Q9P0T4,ENST00000270451.6,Q9P0T4
687,Q9P1Z0,ENST00000311403.4,Q9P1Z0
688,Q9P215,ENST00000367875.1,Q9P215
689,Q9P255,ENST00000456783.3,Q9P255
690,Q9P2F9,ENST00000299237.3,Q9P2F9
691,Q9P2Y4,ENST00000360947.8,Q9P2Y4
692,Q9P2Z0,ENST00000249861.9,Q9P2Z0
693,Q9UBC0,ENST00000305901.7,Q9UBC0
694,Q9UBD0,ENST00000370416.4,Q9UBD0
695,Q9UBP5,ENST00000368364.4,Q9UBP5
696,Q9UBX0,ENST00000295934.8,Q9UBX0
697,Q9UC06,ENST00000341976.5,Q9UC06
698,Q9UD57,ENST00000451024.5,Q9UD57
699,Q9UDV6,ENST00000335870.7,Q9UDV6
700,Q9UEG4,ENST00000262525.6,Q9UEG4
701,Q9UFW8,ENST00000309534.10,Q9UFW8
702,Q9UID6,ENST00000326361.7,Q9UID6
703,Q9UIE0,ENST00000429154.7,Q9UIE0
704,Q9UIH9,ENST00000296233.4,Q9UIH9
705,Q9UII5,ENST00000344930.7,Q9UII5
706,Q9UIU6,ENST00000216513.5,Q9UIU6
707,Q9UIW0,ENST00000234392.3,Q9UIW0
708,Q9UJN7,ENST00000244576.9,Q9UJN7
709,Q9UJU5,ENST00000371116.4,Q9UJU5
710,Q9UK10,ENST00000262894.11,Q9UK10
711,Q9UK11,ENST00000434772.8,Q9UK11
712,Q9UK13,ENST00000251269.9,Q9UK13
713,Q9UK33,ENST00000325333.10,Q9UK33
714,Q9UKD1,ENST00000266068.5,Q9UKD1
715,Q9UKN5,ENST00000228437.10,Q9UKN5
716,Q9UL17,ENST00000177694.2,Q9UL17
717,Q9UL59,ENST00000278314.5,Q9UL59
718,Q9ULD5,ENST00000247930.5,Q9ULD5
719,Q9ULM2,ENST00000311437.11,Q9ULM2
720,Q9UMN6,ENST00000420124.4,Q9UMN6
721,Q9UMQ3,ENST00000281437.6,Q9UMQ3
722,Q9UMR3,ENST00000408931.4,Q9UMR3
723,Q9UN79,ENST00000367204.6,Q9UN79
724,Q9UPG8,ENST00000246229.5,Q9UPG8
725,Q9Y2A4,ENST00000301547.10,Q9Y2A4
726,Q9Y2D1,ENST00000423777.7,Q9Y2D1
727,Q9Y2D9,ENST00000362063.6,Q9Y2D9
728,Q9Y2G7,ENST00000351218.6,Q9Y2G7
729,Q9Y2H8,ENST00000223428.9,Q9Y2H8
730,Q9Y2L8,ENST00000326775.10,Q9Y2L8
731,Q9Y2P0,ENST00000537055.4,Q9Y2P0
732,Q9Y2T7,ENST00000007699.10,Q9Y2T7
733,Q9Y2Y4,ENST00000262630.7,Q9Y2Y4
734,Q9Y2Y9,ENST00000307145.4,Q9Y2Y9
735,Q9Y330,ENST00000375525.4,Q9Y330
736,Q9Y473,ENST00000262259.7,Q9Y473
737,Q9Y4A0,ENST00000332349.5,Q9Y4A0
738,Q9Y4A8,ENST00000056233.4,Q9Y4A8
739,Q9Y4Z2,ENST00000242462.5,Q9Y4Z2
740,Q9Y5A6,ENST00000292450.9,Q9Y5A6
741,Q9Y5Q3,ENST00000373313.3,Q9Y5Q3
742,Q9Y5V0,ENST00000311212.9,Q9Y5V0
743,Q9Y5W3,ENST00000248071.6,Q9Y5W3
744,Q9Y651,ENST00000376945.4,Q9Y651
745,Q9Y6R6,ENST00000434248.6,Q9Y6R6
746,Q9Y6X8,ENST00000314393.6,Q9Y6X8
747,A0PJY2,ENST00000442488,A0PJY2-1
748,A1A519,ENST00000695508,A1A519-1
749,A6NFD8,ENST00000515777,A6NFD8-3
750,A6NJ46,ENST00000518699,A6NJ46-1
751,A6NNF4,ENST00000594466,A6NNF4-3
752,A8K8V0,ENST00000395216,A8K8V0-1
753,A8MT69,ENST00000392359,A8MT69-1
754,A8MZ59,ENST00000640845,A8MZ59-2
756,O00321,ENST00000403402,O00321-1
758,O00327,ENST00000529388,O00327-2
761,O00409,ENST00000345097,O00409-1
763,O00470,ENST00000272369,O00470-1
764,O00482,ENST00000367362,O00482-1
765,O00712,ENST00000380959,O00712-1
766,O00716,ENST00000346618,O00716-1
767,O14545,ENST00000412615,O14545-1
769,O14628,ENST00000399602,O14628-1
770,O14709,ENST00000628172,O14709-1
774,O14770,ENST00000561208,O14770-1
775,O14771,ENST00000576416,O14771-1
778,O14896,ENST00000367021,O14896-1
779,O14901,ENST00000305883,O14901-1
780,O14948,ENST00000265440,O14948-1
781,O15014,ENST00000326648,O15014-1
782,O15015,ENST00000300850,O15015-2
783,O15119,ENST00000257566,O15119-1
784,O15156,ENST00000535420,O15156-1
787,O15162,ENST00000342435,O15162-1
788,O15178,ENST00000296946,O15178-1
789,O15198,ENST00000379826,O15198-1
790,O15226,ENST00000304449,O15226-1
791,O15266,ENST00000381578,O15266-1
795,O15350,ENST00000713572,O15350-1
798,O15409,ENST00000350908,O15409-1
801,O15535,ENST00000531979,O15535-1
803,O43147,ENST00000426855,O43147-1
804,O43151,ENST00000409262,O43151-1
805,O43167,ENST00000698516,O43167-1
807,O43189,ENST00000374516,O43189-1
808,O43309,ENST00000684592,O43309-1
809,O43313,ENST00000709336,O43313-1
811,O43345,ENST00000397126,O43345-1
812,O43422,ENST00000260045,O43422-1
813,O43435,ENST00000329705,O43435-1
814,O43524,ENST00000406360,O43524-1
816,O43670,ENST00000321233,O43670-1
817,O43889,ENST00000353704,O43889-2
818,O43918,ENST00000291582,O43918-1
819,O60248,ENST00000538513,O60248-1
821,O60281,ENST00000369577,O60281-1
822,O60304,ENST00000219478,O60304-1
823,O60315,ENST00000627532,O60315-1
826,O60381,ENST00000640195,O60381-1
832,O60393,ENST00000467773,O60393-1
833,O60481,ENST00000287538,O60481-1
834,O60663,ENST00000373474,O60663-1
835,O60678,ENST00000331079,O60678-1
836,O60870,ENST00000379562,O60870-1
837,O60902,ENST00000441443,O60902-1
838,O75030,ENST00000352241,O75030-1
839,O75123,ENST00000633071,O75123-1
841,O75290,ENST00000683561,O75290-1
846,O75346,ENST00000589717,O75346-1
847,O75398,ENST00000382409,O75398-1
848,O75437,ENST00000357002,O75437-1
849,O75444,ENST00000393350,O75444-2
850,O75461,ENST00000381525,O75461-1
851,O75469,ENST00000393716,O75469-1
852,O75541,ENST00000565601,O75541-1
854,O75564,ENST00000615982,O75564-1
856,O75626,ENST00000369096,O75626-1
857,O75820,ENST00000339664,O75820-1
858,O75840,ENST00000309446,O75840-1
859,O75971,ENST00000563480,O75971-1
863,O94916,ENST00000354436,O94916-1
864,O94983,ENST00000348066,O94983-1
865,O94993,ENST00000265007,O94993-1
866,O95125,ENST00000530393,O95125-1
869,O95238,ENST00000374037,O95238-1
870,O95243,ENST00000249910,O95243-1
871,O95251,ENST00000259021,O95251-1
872,O95600,ENST00000468660,O95600-1
873,O95644,ENST00000427363,O95644-1
874,O95780,ENST00000397165,O95780-1
875,O95936,ENST00000295743,O95936-1
876,O95947,ENST00000395224,O95947-1
878,O95983,ENST00000434436,O95983-1
879,P01100,ENST00000303562,P01100-1
880,P01106,ENST00000621592,P01106-2
881,P02788,ENST00000231751,P02788-1
882,P03372,ENST00000443427,P03372-1
886,P04150,ENST00000503201,P04150-1
889,P04637,ENST00000508793,P04637-1
893,P06401,ENST00000325455,P06401-1
894,P08047,ENST00000327443,P08047-1
895,P08048,ENST00000383052,P08048-1
897,P08151,ENST00000228682,P08151-1
898,P08235,ENST00000344721,P08235-1
900,P08651,ENST00000443272,P08651-1
901,P09086,ENST00000526816,P09086-1
902,P09630,ENST00000243108,P09630-1
903,P0C6A0,ENST00000707000,P0C6A0-2
904,P0C7X2,ENST00000223459,P0C7X2-1
905,P10070,ENST00000452319,P10070-5
906,P10072,ENST00000324411,P10072-1
907,P10242,ENST00000367814,P10242-1
908,P10243,ENST00000522677,P10243-1
909,P10244,ENST00000217026,P10244-1
910,P10275,ENST00000374690,P10275-1
912,P10276,ENST00000394089,P10276-1
914,P10826,ENST00000688892,P10826-1
919,P10827,ENST00000264637,P10827-1
921,P10828,ENST00000646432,P10828-1
930,P11161,ENST00000637191,P11161-1
932,P11308,ENST00000288319,P11308-4
933,P11473,ENST00000395324,P11473-1
935,P11474,ENST00000405666,P11474-1
937,P12524,ENST00000372816,P12524-1
938,P12757,ENST00000465590,P12757-1
941,P13056,ENST00000333003,P13056-1
942,P13378,ENST00000313173,P13378-1
943,P13631,ENST00000425354,P13631-1
944,P14316,ENST00000696851,P14316-1
954,P14651,ENST00000498678,P14651-1
958,P14653,ENST00000239174,P14653-1
959,P14859,ENST00000541643,P14859-1
960,P14921,ENST00000319397,P14921-1
961,P15336,ENST00000392544,P15336-1
963,P15407,ENST00000312562,P15407-1
964,P15408,ENST00000264716,P15408-1
965,P15621,ENST00000356109,P15621-1
966,P15622,ENST00000292579,P15622-1
967,P15822,ENST00000379388,P15822-1
968,P15863,ENST00000398485,P15863-1
969,P15884,ENST00000356073,P15884-1
971,P15918,ENST00000697715,P15918-1
975,P15923,ENST00000262965,P15923-1
976,P15976,ENST00000376670,P15976-1
977,P16220,ENST00000430624,P16220-2
979,P16415,ENST00000341191,P16415-1
980,P16989,ENST00000228251,P16989-1
981,P17010,ENST00000379177,P17010-1
983,P17014,ENST00000405858,P17014-1
984,P17021,ENST00000601808,P17021-1
985,P17022,ENST00000322748,P17022-1
988,P17023,ENST00000564230,P17023-1
990,P17025,ENST00000396965,P17025-1
991,P17027,ENST00000428724,P17027-1
994,P17028,ENST00000399061,P17028-1
996,P17030,ENST00000302609,P17030-1
997,P17035,ENST00000457749,P17035-1
998,P17036,ENST00000424697,P17036-1
1000,P17038,ENST00000354959,P17038-1
1001,P17039,ENST00000601142,P17039-1
1002,P17040,ENST00000684572,P17040-1
1004,P17096,ENST00000447654,P17096-1
1006,P17097,ENST00000532777,P17097-1
1008,P17509,ENST00000484302,P17509-1
1010,P17542,ENST00000691006,P17542-1
1013,P17544,ENST00000456903,P17544-6
1015,P17676,ENST00000303004,P17676-1
1016,P17861,ENST00000216037,P17861-1
1017,P17947,ENST00000378538,P17947-1
1018,P18583,ENST00000356577,P18583-1
1019,P18846,ENST00000262053,P18846-1
1020,P18847,ENST00000366987,P18847-1
1022,P19419,ENST00000376983,P19419-1
1024,P19484,ENST00000678831,P19484-1
1036,P19532,ENST00000315869,P19532-1
1038,P19793,ENST00000481739,P19793-1
1039,P19838,ENST00000505458,P19838-1
1041,P20226,ENST00000392092,P20226-1
1043,P20265,ENST00000328345,P20265-1
1044,P22392,ENST00000514264,P22392-1
1049,P22415,ENST00000368021,P22415-1
1051,P22736,ENST00000394825,P22736-1
1054,P23497,ENST00000264052,P23497-1
1055,P23511,ENST00000341376,P23511-1
1056,P23759,ENST00000420770,P23759-3
1057,P23760,ENST00000350526,P23760-1
1058,P23769,ENST00000487848,P23769-1
1060,P23771,ENST00000346208,P23771-1
1061,P24468,ENST00000394166,P24468-1
1062,P26358,ENST00000340748,P26358-1
1063,P26367,ENST00000241001,P26367-1
1070,P27540,ENST00000358595,P27540-1
1071,P28069,ENST00000350375,P28069-1
1072,P28324,ENST00000616704,P28324-1
1074,P28347,ENST00000527636,P28347-1
1075,P28698,ENST00000599369,P28698-1
1077,P28702,ENST00000436753,P28702-1
1083,P31260,ENST00000283921,P31260-1
1084,P31314,ENST00000370196,P31314-1
1085,P32243,ENST00000685244,P32243-1
1091,P32314,ENST00000340553,P32314-1
1092,P32519,ENST00000239882,P32519-1
1093,P35398,ENST00000335670,P35398-2
1094,P35452,ENST00000406506,P35452-1
1095,P35638,ENST00000623876,P35638-1
1098,P35680,ENST00000617811,P35680-1
1100,P35711,ENST00000451604,P35711-1
1101,P35712,ENST00000528429,P35712-1
1103,P35789,ENST00000343769,P35789-1
1104,P36508,ENST00000373953,P36508-1
1105,P36956,ENST00000261646,P36956-1
1106,P37231,ENST00000287820,P37231-1
1107,P37275,ENST00000320985,P37275-1
1108,P39880,ENST00000292535,P39880-1
1110,P40424,ENST00000420696,P40424-1
1111,P40426,ENST00000373489,P40426-1
1112,P40763,ENST00000678960,P40763-1
1117,P41161,ENST00000434744,P41161-1
1119,P41162,ENST00000368192,P41162-1
1120,P41182,ENST00000406870,P41182-1
1122,P41235,ENST00000316099,P41235-1
1123,P42224,ENST00000698141,P42224-1
1128,P42226,ENST00000556155,P42226-1
1132,P42229,ENST00000677301,P42229-1
1136,P43268,ENST00000591713,P43268-1
1139,P43354,ENST00000339562,P43354-1
1141,P43694,ENST00000647274,P43694-1
1144,P43699,ENST00000522719,P43699-1
1147,P47902,ENST00000231656,P47902-1
1148,P48378,ENST00000359161,P48378-1
1150,P48380,ENST00000382004,P48380-1
1152,P48382,ENST00000452671,P48382-1
1155,P49116,ENST00000425241,P49116-1
1158,P49450,ENST00000335756,P49450-1
1159,P49640,ENST00000496902,P49640-1
1160,P49711,ENST00000264010,P49711-1
1165,P49715,ENST00000498907,P49715-1
1166,P50219,ENST00000252971,P50219-1
1167,P50221,ENST00000318579,P50221-1
1168,P50539,ENST00000239007,P50539-1
1169,P50548,ENST00000222329,P50548-1
1170,P50549,ENST00000430479,P50549-1
1172,P51449,ENST00000318247,P51449-1
1173,P51522,ENST00000597597,P51522-1
1176,P51608,ENST00000303391,P51608-1
1177,P51815,ENST00000370766,P51815-1
1178,P51843,ENST00000378970,P51843-1
1179,P52630,ENST00000698192,P52630-3
1181,P52736,ENST00000698705,P52736-1
1189,P52738,ENST00000355557,P52738-1
1190,P52739,ENST00000682664,P52739-1
1192,P52740,ENST00000254166,P52740-1
1193,P52741,ENST00000396161,P52741-1
1194,P52742,ENST00000313434,P52742-1
1195,P52747,ENST00000396602,P52747-1
1196,P52926,ENST00000403681,P52926-1
1197,P52952,ENST00000329198,P52952-1
1198,P53539,ENST00000353609,P53539-1
1199,P54274,ENST00000276603,P54274-1
1200,P54821,ENST00000239461,P54821-1
1201,P54845,ENST00000647376,P54845-1
1207,P55055,ENST00000652203,P55055-1
1210,P55317,ENST00000250448,P55317-1
1211,P55347,ENST00000291547,P55347-1
1212,P56177,ENST00000709712,P56177-1
1214,P56178,ENST00000648378,P56178-1
1215,P56270,ENST00000322945,P56270-1
1216,P56693,ENST00000396884,P56693-1
1218,P57082,ENST00000240335,P57082-1
1219,P57682,ENST00000261438,P57682-1
1220,P61244,ENST00000358664,P61244-1
1221,P61296,ENST00000359562,P61296-1
1222,P62508,ENST00000408911,P62508-1
1223,P78347,ENST00000573035,P78347-1
1224,P78411,ENST00000394636,P78411-1
1225,P78413,ENST00000513692,P78413-1
1228,P78424,ENST00000403058,P78424-1
1229,P78545,ENST00000367284,P78545-1
1232,P82094,ENST00000398559,P82094-1
1233,P84022,ENST00000327367,P84022-1
1234,P84550,ENST00000380035,P84550-1
1235,P85037,ENST00000328914,P85037-1
1236,P98177,ENST00000374259,P98177-1
1237,P98182,ENST00000431561,P98182-1
1239,Q00613,ENST00000646252,Q00613-1
1241,Q00653,ENST00000661543,Q00653-1
1243,Q01167,ENST00000335255,Q01167-1
1244,Q01196,ENST00000344691,Q01196-1
1245,Q01538,ENST00000650655,Q01538-1
1248,Q01543,ENST00000527786,Q01543-1
1249,Q01826,ENST00000338745,Q01826-1
1257,Q01851,ENST00000377208,Q01851-1
1258,Q01860,ENST00000454714,Q01860-1
1265,Q01892,ENST00000595883,Q01892-1
1266,Q02078,ENST00000686611,Q02078-1
1267,Q02080,ENST00000444486,Q02080-1
1268,Q02086,ENST00000376741,Q02086-1
1269,Q02447,ENST00000310015,Q02447-1
1270,Q02548,ENST00000358127,Q02548-1
1271,Q02930,ENST00000357727,Q02930-1
1272,Q02962,ENST00000428433,Q02962-1
1273,Q03060,ENST00000429130,Q03060-5
1274,Q03112,ENST00000494292,Q03112-7
1275,Q03164,ENST00000389506,Q03164-1
1276,Q03181,ENST00000360694,Q03181-1
1278,Q03923,ENST00000615320,Q03923-1
1280,Q03933,ENST00000368455,Q03933-1
1281,Q03936,ENST00000328747,Q03936-1
1282,Q03989,ENST00000357485,Q03989-1
1283,Q04206,ENST00000406246,Q04206-1
1284,Q04741,ENST00000258106,Q04741-1
1285,Q04743,ENST00000553456,Q04743-1
1286,Q04864,ENST00000295025,Q04864-1
1287,Q05195,ENST00000264444,Q05195-1
1288,Q05481,ENST00000300619,Q05481-1
1289,Q05516,ENST00000335953,Q05516-1
1297,Q06330,ENST00000512671,Q06330-1
1300,Q06413,ENST00000437473,Q06413-1
1303,Q06710,ENST00000429538,Q06710-1
1305,Q06730,ENST00000458705,Q06730-1
1306,Q06889,ENST00000317216,Q06889-1
1307,Q07687,ENST00000234198,Q07687-1
1308,Q07869,ENST00000407236,Q07869-1
1310,Q08050,ENST00000359843,Q08050-1
1311,Q0D2J5,ENST00000358987,Q0D2J5-1
1312,Q10587,ENST00000266304,Q10587-1
1313,Q12772,ENST00000361204,Q12772-1
1314,Q12800,ENST00000257915,Q12800-1
1315,Q12830,ENST00000321892,Q12830-1
1316,Q12837,ENST00000281321,Q12837-1
1317,Q12857,ENST00000403491,Q12857-1
1318,Q12901,ENST00000611002,Q12901-1
1321,Q12951,ENST00000306268,Q12951-1
1322,Q12968,ENST00000346183,Q12968-1
1323,Q12986,ENST00000379540,Q12986-1
1324,Q13029,ENST00000311066,Q13029-1
1326,Q13105,ENST00000375743,Q13105-1
1327,Q13118,ENST00000285407,Q13118-1
1328,Q13127,ENST00000675105,Q13127-1
1330,Q13133,ENST00000467728,Q13133-1
1332,Q13342,ENST00000392045,Q13342-1
1333,Q13360,ENST00000683217,Q13360-1
1335,Q13398,ENST00000347302,Q13398-1
1336,Q13422,ENST00000331340,Q13422-1
1337,Q13469,ENST00000396009,Q13469-1
1338,Q13568,ENST00000473745,Q13568-1
1340,Q13761,ENST00000308873,Q13761-1
1341,Q13887,ENST00000377687,Q13887-1
1342,Q13948,ENST00000292538,Q13948-1
1344,Q13950,ENST00000647337,Q13950-1
1346,Q13952,ENST00000308733,Q13952-1
1347,Q14151,ENST00000252542,Q14151-1
1348,Q14186,ENST00000375370,Q14186-1
1349,Q14188,ENST00000489671,Q14188-1
1350,Q14190,ENST00000290399,Q14190-1
1351,Q14494,ENST00000362042,Q14494-1
1352,Q14526,ENST00000322941,Q14526-1
1353,Q14541,ENST00000354370,Q14541-1
1354,Q14587,ENST00000536435,Q14587-1
1356,Q14590,ENST00000291182,Q14590-1
1357,Q14592,ENST00000360338,Q14592-1
1358,Q14593,ENST00000476120,Q14593-1
1359,Q14653,ENST00000597198,Q14653-1
1362,Q14781,ENST00000310942,Q14781-1
1363,Q147U1,ENST00000397902,Q147U1-1
1364,Q14814,ENST00000708596,Q14814-1
1366,Q14865,ENST00000279873,Q14865-1
1367,Q14919,ENST00000312515,Q14919-1
1368,Q14934,ENST00000642302,Q14934-1
1370,Q14938,ENST00000592199,Q14938-1
1371,Q14994,ENST00000367982,Q14994-1
1372,Q15047,ENST00000271640,Q15047-1
1373,Q15306,ENST00000380956,Q15306-1
1374,Q15329,ENST00000416274,Q15329-1
1375,Q15406,ENST00000487099,Q15406-1
1376,Q15424,ENST00000292123,Q15424-1
1377,Q15554,ENST00000254942,Q15554-3
1378,Q15561,ENST00000359864,Q15561-1
1379,Q15562,ENST00000311227,Q15562-1
1380,Q15651,ENST00000344726,Q15651-1
1381,Q15697,ENST00000571936,Q15697-1
1383,Q15714,ENST00000458659,Q15714-1
1384,Q15723,ENST00000686138,Q15723-5
1386,Q15776,ENST00000457389,Q15776-1
1388,Q15788,ENST00000348332,Q15788-1
1390,Q15797,ENST00000515385,Q15797-1
1393,Q15853,ENST00000222305,Q15853-1
1394,Q15911,ENST00000641206,Q15911-1
1396,Q15973,ENST00000543802,Q15973-3
1397,Q16236,ENST00000397062,Q16236-1
1398,Q16534,ENST00000226067,Q16534-1
1399,Q16587,ENST00000611540,Q16587-1
1401,Q16650,ENST00000389554,Q16650-1
1402,Q16656,ENST00000393232,Q16656-1
1405,Q16665,ENST00000337138,Q16665-1
1406,Q16670,ENST00000623276,Q16670-1
1407,Q17R98,ENST00000508784,Q17R98-1
1408,Q2KHR2,ENST00000559447,Q2KHR2-3
1409,Q2M1K9,ENST00000561648,Q2M1K9-1
1410,Q2M218,ENST00000409324,Q2M218-1
1412,Q2M3W8,ENST00000492450,Q2M3W8-1
1413,Q2M3X9,ENST00000523374,Q2M3X9-1
1414,Q2QGD7,ENST00000389709,Q2QGD7-1
1415,Q2VWA4,ENST00000620245,Q2VWA4-1
1417,Q33E94,ENST00000392842,Q33E94-1
1418,Q3KNS6,ENST00000391711,Q3KNS6-1
1419,Q3KP31,ENST00000343325,Q3KP31-1
1420,Q3MIS6,ENST00000360465,Q3MIS6-1
1421,Q3SXZ3,ENST00000510175,Q3SXZ3-1
1422,Q3SY52,ENST00000597850,Q3SY52-1
1423,Q3ZCX4,ENST00000706170,Q3ZCX4-1
1425,Q49A26,ENST00000321919,Q49A26-1
1426,Q4G112,ENST00000323777,Q4G112-1
1427,Q4VC44,ENST00000253928,Q4VC44-1
1428,Q53EQ6,ENST00000504548,Q53EQ6-1
1430,Q53GI3,ENST00000651061,Q53GI3-1
1432,Q5BKZ1,ENST00000340281,Q5BKZ1-1
1433,Q5CZA5,ENST00000414468,Q5CZA5-1
1434,Q5FWF6,ENST00000331410,Q5FWF6-1
1435,Q5H9K5,ENST00000540921,Q5H9K5-1
1437,Q5JUK2,ENST00000298466,Q5JUK2-1
1438,Q5JVG2,ENST00000375495,Q5JVG2-1
1439,Q5JVG8,ENST00000591639,Q5JVG8-1
1442,Q5MCW4,ENST00000392149,Q5MCW4-1
1444,Q5SQQ9,ENST00000369206,Q5SQQ9-1
1445,Q5SVQ8,ENST00000367405,Q5SVQ8-1
1446,Q5T1R4,ENST00000372583,Q5T1R4-1
1447,Q5T6S3,ENST00000373896,Q5T6S3-1
1448,Q5T7W0,ENST00000374126,Q5T7W0-1
1449,Q5TC79,ENST00000695459,Q5TC79-1
1451,Q5TYW1,ENST00000621410,Q5TYW1-1
1453,Q5VIY5,ENST00000595646,Q5VIY5-1
1454,Q5VTD9,ENST00000372122,Q5VTD9-1
1456,Q5VUA4,ENST00000361428,Q5VUA4-1
1457,Q5VV52,ENST00000651192,Q5VV52-2
1459,Q5VVJ2,ENST00000472487,Q5VVJ2-1
1460,Q5VZF2,ENST00000376673,Q5VZF2-1
1461,Q63HK3,ENST00000328086,Q63HK3-1
1462,Q68CJ9,ENST00000078445,Q68CJ9-1
1463,Q68CP9,ENST00000334344,Q68CP9-1
1464,Q68DY1,ENST00000601440,Q68DY1-1
1465,Q68DY9,ENST00000343280,Q68DY9-1
1466,Q68G74,ENST00000294638,Q68G74-1
1467,Q69YI7,ENST00000373078,Q69YI7-1
1468,Q6AHZ1,ENST00000624776,Q6AHZ1-1
1471,Q6AW86,ENST00000545523,Q6AW86-1
1473,Q6DJT9,ENST00000429357,Q6DJT9-1
1475,Q6ECI4,ENST00000391709,Q6ECI4-1
1477,Q6EKJ0,ENST00000472837,Q6EKJ0-1
1478,Q6ISB3,ENST00000646743,Q6ISB3-1
1479,Q6MZP7,ENST00000505397,Q6MZP7-1
1481,Q6N021,ENST00000380013,Q6N021-1
1483,Q6N043,ENST00000267807,Q6N043-1
1484,Q6NSZ9,ENST00000394152,Q6NSZ9-1
1486,Q6NT04,ENST00000396862,Q6NT04-1
1487,Q6NT76,ENST00000397358,Q6NT76-1
1489,Q6NUN9,ENST00000340622,Q6NUN9-1
1490,Q6P1L6,ENST00000278772,Q6P1L6-1
1491,Q6P1N0,ENST00000318003,Q6P1N0-1
1493,Q6P2D0,ENST00000570010,Q6P2D0-1
1495,Q6P3V2,ENST00000292841,Q6P3V2-1
1496,Q6P9A3,ENST00000376233,Q6P9A3-1
1497,Q6P9G9,ENST00000339249,Q6P9G9-1
1498,Q6PCT2,ENST00000562319,Q6PCT2-1
1499,Q6PDB4,ENST00000422689,Q6PDB4-1
1500,Q6PF04,ENST00000293471,Q6PF04-1
1501,Q6PIV2,ENST00000317011,Q6PIV2-1
1502,Q6PK81,ENST00000282292,Q6PK81-1
1503,Q6V9R5,ENST00000453372,Q6V9R5-1
1504,Q6XYB7,ENST00000377566,Q6XYB7-1
1505,Q6ZMS7,ENST00000434415,Q6ZMS7-2
1506,Q6ZN11,ENST00000627814,Q6ZN11-1
1509,Q6ZN17,ENST00000345080,Q6ZN17-1
1510,Q6ZN18,ENST00000398864,Q6ZN18-1
1511,Q6ZN19,ENST00000426391,Q6ZN19-1
1512,Q6ZN30,ENST00000380672,Q6ZN30-1
1513,Q6ZN55,ENST00000600245,Q6ZN55-1
1515,Q6ZNB6,ENST00000507489,Q6ZNB6-1
1518,Q6ZNG0,ENST00000314529,Q6ZNG0-1
1519,Q6ZR52,ENST00000355504,Q6ZR52-1
1520,Q6ZRS2,ENST00000262518,Q6ZRS2-1
1523,Q6ZS27,ENST00000440367,Q6ZS27-1
1524,Q6ZSB9,ENST00000337872,Q6ZSB9-1
1525,Q6ZSS3,ENST00000403205,Q6ZSS3-1
1527,Q6ZSZ6,ENST00000580243,Q6ZSZ6-1
1528,Q6ZV50,ENST00000646893,Q6ZV50-1
1529,Q70SY1,ENST00000330387,Q70SY1-1
1530,Q70YC5,ENST00000395254,Q70YC5-1
1531,Q76KX8,ENST00000332323,Q76KX8-1
1532,Q7L2R6,ENST00000396408,Q7L2R6-1
1533,Q7LFL8,ENST00000511048,Q7LFL8-1
1535,Q7RTV3,ENST00000375256,Q7RTV3-1
1536,Q7Z340,ENST00000282296,Q7Z340-1
1537,Q7Z353,ENST00000373177,Q7Z353-1
1539,Q7Z398,ENST00000699333,Q7Z398-1
1543,Q7Z4V0,ENST00000442986,Q7Z4V0-1
1547,Q7Z591,ENST00000374088,Q7Z591-1
1549,Q7Z6K1,ENST00000415914,Q7Z6K1-1
1550,Q7Z7L9,ENST00000708208,Q7Z7L9-1
1556,Q86T29,ENST00000360187,Q86T29-1
1557,Q86UP8,ENST00000451013,Q86UP8-1
1558,Q86UQ0,ENST00000448461,Q86UQ0-1
1560,Q86V15,ENST00000377022,Q86V15-1
1561,Q86VK4,ENST00000555044,Q86VK4-1
1562,Q86VZ6,ENST00000283928,Q86VZ6-1
1563,Q86W11,ENST00000420878,Q86W11-1
1565,Q86WP2,ENST00000506184,Q86WP2-1
1566,Q86WZ6,ENST00000621083,Q86WZ6-1
1568,Q86YE8,ENST00000536220,Q86YE8-1
1569,Q86YF9,ENST00000376829,Q86YF9-1
1571,Q86YP4,ENST00000360315,Q86YP4-1
1573,Q8IUM7,ENST00000311034,Q8IUM7-1
1574,Q8IUX7,ENST00000223357,Q8IUX7-1
1575,Q8IVH2,ENST00000704756,Q8IVH2-1
1577,Q8IVP9,ENST00000282282,Q8IVP9-1
1578,Q8IVW6,ENST00000622429,Q8IVW6-1
1579,Q8IW36,ENST00000339986,Q8IW36-4
1580,Q8IWI9,ENST00000219905,Q8IWI9-4
1581,Q8IWY8,ENST00000684362,Q8IWY8-1
1583,Q8IXF0,ENST00000356141,Q8IXF0-1
1584,Q8IXT2,ENST00000269945,Q8IXT2-1
1585,Q8IXZ3,ENST00000361443,Q8IXZ3-3
1586,Q8IYH5,ENST00000370801,Q8IYH5-1
1587,Q8IZ20,ENST00000436292,Q8IZ20-1
1589,Q8IZC7,ENST00000592502,Q8IZC7-1
1591,Q8N0Y2,ENST00000337080,Q8N0Y2-1
1592,Q8N184,ENST00000682579,Q8N184-3
1594,Q8N187,ENST00000438828,Q8N187-1
1596,Q8N1G0,ENST00000336715,Q8N1G0-1
1598,Q8N1L9,ENST00000301887,Q8N1L9-1
1599,Q8N228,ENST00000369020,Q8N228-1
1600,Q8N2I2,ENST00000314686,Q8N2I2-1
1601,Q8N2R0,ENST00000522510,Q8N2R0-1
1603,Q8N2Z9,ENST00000309048,Q8N2Z9-1
1604,Q8N393,ENST00000491431,Q8N393-1
1605,Q8N3X6,ENST00000382226,Q8N3X6-1
1606,Q8N4W9,ENST00000359798,Q8N4W9-1
1607,Q8N554,ENST00000443381,Q8N554-1
1608,Q8N587,ENST00000302851,Q8N587-1
1609,Q8N5A5,ENST00000328969,Q8N5A5-1
1610,Q8N720,ENST00000394163,Q8N720-1
1612,Q8N7K0,ENST00000344980,Q8N7K0-1
1613,Q8N823,ENST00000652185,Q8N823-1
1617,Q8N883,ENST00000270649,Q8N883-1
1618,Q8N8E2,ENST00000323703,Q8N8E2-1
1619,Q8N8J6,ENST00000602063,Q8N8J6-1
1621,Q8N8Z8,ENST00000357901,Q8N8Z8-1
1622,Q8N988,ENST00000414706,Q8N988-1
1623,Q8N9K5,ENST00000355114,Q8N9K5-1
1624,Q8N9L1,ENST00000484399,Q8N9L1-1
1627,Q8N9Z0,ENST00000616431,Q8N9Z0-1
1631,Q8NA19,ENST00000400105,Q8NA19-1
1632,Q8NA31,ENST00000558713,Q8NA31-1
1634,Q8NAP8,ENST00000609129,Q8NAP8-1
1635,Q8NB15,ENST00000361518,Q8NB15-2
1636,Q8NB42,ENST00000436120,Q8NB42-1
1637,Q8NB50,ENST00000502412,Q8NB50-1
1638,Q8NBB4,ENST00000282326,Q8NBB4-1
1639,Q8NC26,ENST00000600687,Q8NC26-1
1642,Q8NCK3,ENST00000374435,Q8NCK3-1
1644,Q8NDQ6,ENST00000592533,Q8NDQ6-1
1647,Q8NDW4,ENST00000395867,Q8NDW4-1
1649,Q8NEA6,ENST00000682749,Q8NEA6-1
1651,Q8NEK5,ENST00000366197,Q8NEK5-1
1652,Q8NEM1,ENST00000309683,Q8NEM1-1
1653,Q8NEP9,ENST00000334241,Q8NEP9-1
1654,Q8NF99,ENST00000330501,Q8NF99-1
1655,Q8NFU7,ENST00000373644,Q8NFU7-1
1656,Q8NHM5,ENST00000377071,Q8NHM5-1
1657,Q8NHY6,ENST00000301318,Q8NHY6-1
1658,Q8NI51,ENST00000609232,Q8NI51-1
1662,Q8TA94,ENST00000293725,Q8TA94-1
1663,Q8TAF7,ENST00000588268,Q8TAF7-1
1664,Q8TAQ5,ENST00000337995,Q8TAQ5-1
1665,Q8TAU3,ENST00000312026,Q8TAU3-1
1666,Q8TBB0,ENST00000514480,Q8TBB0-1
1668,Q8TBC5,ENST00000601144,Q8TBC5-1
1670,Q8TBJ5,ENST00000283268,Q8TBJ5-1
1673,Q8TC21,ENST00000398612,Q8TC21-1
1676,Q8TCN5,ENST00000355898,Q8TCN5-1
1678,Q8TD17,ENST00000475153,Q8TD17-1
1679,Q8TDD2,ENST00000708982,Q8TDD2-1
1683,Q8TE12,ENST00000367893,Q8TE12-1
1686,Q8TE85,ENST00000350501,Q8TE85-1
1687,Q8TEK3,ENST00000398665,Q8TEK3-2
1688,Q8TEY5,ENST00000368607,Q8TEY5-1
1691,Q8TF20,ENST00000338977,Q8TF20-1
1692,Q8TF39,ENST00000309235,Q8TF39-1
1693,Q8TF47,ENST00000570495,Q8TF47-1
1696,Q8TF68,ENST00000396801,Q8TF68-1
1698,Q8WTV1,ENST00000054650,Q8WTV1-1
1699,Q8WV37,ENST00000595962,Q8WV37-1
1701,Q8WW38,ENST00000407775,Q8WW38-1
1702,Q8WWB7,ENST00000647767,Q8WWB7-1
1704,Q8WY36,ENST00000325805,Q8WY36-1
1705,Q8WY91,ENST00000407315,Q8WY91-1
1706,Q8WYA1,ENST00000266503,Q8WYA1-1
1707,Q8WYK2,ENST00000651602,Q8WYK2-1
1711,Q8WYN3,ENST00000651982,Q8WYN3-1
1714,Q8WYP5,ENST00000648844,Q8WYP5-1
1715,Q92481,ENST00000393655,Q92481-1
1716,Q92570,ENST00000395097,Q92570-1
1717,Q92664,ENST00000381140,Q92664-1
1718,Q92731,ENST00000341099,Q92731-1
1719,Q92753,ENST00000396204,Q92753-2
1720,Q92754,ENST00000201031,Q92754-1
1721,Q92766,ENST00000379933,Q92766-1
1723,Q92782,ENST00000355526,Q92782-2
1724,Q92784,ENST00000556509,Q92784-1
1725,Q92908,ENST00000581694,Q92908-1
1727,Q92985,ENST00000621391,Q92985-1
1729,Q92988,ENST00000240306,Q92988-1
1730,Q969W8,ENST00000452939,Q969W8-1
1733,Q96AP4,ENST00000368576,Q96AP4-1
1734,Q96AV8,ENST00000322886,Q96AV8-1
1735,Q96BA8,ENST00000621158,Q96BA8-1
1736,Q96BD5,ENST00000418153,Q96BD5-1
1737,Q96BR6,ENST00000343381,Q96BR6-1
1738,Q96BR9,ENST00000373510,Q96BR9-1
1739,Q96BT3,ENST00000562787,Q96BT3-1
1741,Q96CX3,ENST00000627775,Q96CX3-1
1745,Q96DT7,ENST00000455036,Q96DT7-1
1747,Q96E29,ENST00000287025,Q96E29-1
1748,Q96F45,ENST00000372524,Q96F45-1
1749,Q96GC6,ENST00000617501,Q96GC6-1
1751,Q96GD3,ENST00000326197,Q96GD3-1
1752,Q96GE5,ENST00000430385,Q96GE5-1
1753,Q96H12,ENST00000622639,Q96H12-1
1756,Q96H86,ENST00000252797,Q96H86-1
1757,Q96HQ0,ENST00000221735,Q96HQ0-1
1758,Q96HZ4,ENST00000272937,Q96HZ4-1
1759,Q96IQ9,ENST00000255616,Q96IQ9-1
1760,Q96IT1,ENST00000709067,Q96IT1-1
1764,Q96JB3,ENST00000443632,Q96JB3-1
1767,Q96JL9,ENST00000292530,Q96JL9-1
1768,Q96JM2,ENST00000277225,Q96JM2-1
1769,Q96JM7,ENST00000368136,Q96JM7-1
1771,Q96JN0,ENST00000675971,Q96JN0-1
1777,Q96JP5,ENST00000316059,Q96JP5-1
1778,Q96K58,ENST00000538906,Q96K58-1
1782,Q96KN3,ENST00000298282,Q96KN3-1
1783,Q96LI6,ENST00000307393,Q96LI6-1
1785,Q96LW9,ENST00000439158,Q96LW9-1
1789,Q96LX7,ENST00000528266,Q96LX7-4
1790,Q96ME7,ENST00000355467,Q96ME7-1
1791,Q96MN9,ENST00000585316,Q96MN9-1
1792,Q96MU6,ENST00000620195,Q96MU6-1
1793,Q96N22,ENST00000402377,Q96N22-1
1794,Q96N77,ENST00000544117,Q96N77-1
1796,Q96N95,ENST00000589332,Q96N95-1
1797,Q96NG5,ENST00000708542,Q96NG5-1
1801,Q96NI8,ENST00000330173,Q96NI8-1
1802,Q96NJ3,ENST00000614994,Q96NJ3-1
1804,Q96NL3,ENST00000329285,Q96NL3-1
1805,Q96NX9,ENST00000373125,Q96NX9-1
1806,Q96NZ1,ENST00000299162,Q96NZ1-1
1807,Q96PM9,ENST00000338010,Q96PM9-4
1808,Q96PN7,ENST00000695966,Q96PN7-1
1810,Q96PQ6,ENST00000247956,Q96PQ6-1
1811,Q96RE9,ENST00000446148,Q96RE9-1
1813,Q96RI1,ENST00000551379,Q96RI1-3
1814,Q96RK0,ENST00000681038,Q96RK0-1
1815,Q96SE7,ENST00000334197,Q96SE7-1
1816,Q96SF7,ENST00000369429,Q96SF7-1
1817,Q96SK3,ENST00000355202,Q96SK3-1
1818,Q96SQ5,ENST00000339656,Q96SQ5-1
1819,Q96SQ7,ENST00000306279,Q96SQ7-1
1820,Q96SR6,ENST00000292928,Q96SR6-1
1821,Q96SZ4,ENST00000252463,Q96SZ4-1
1822,Q96T68,ENST00000354234,Q96T68-1
1823,Q99081,ENST00000557843,Q99081-1
1825,Q99592,ENST00000696618,Q99592-1
1828,Q99593,ENST00000405440,Q99593-1
1830,Q99612,ENST00000497571,Q99612-1
1831,Q99687,ENST00000558555,Q99687-1
1832,Q99697,ENST00000394595,Q99697-1
1834,Q99742,ENST00000602212,Q99742-1
1836,Q99801,ENST00000380871,Q99801-1
1837,Q99941,ENST00000427136,Q99941-1
1841,Q9BQA5,ENST00000350777,Q9BQA5-1
1842,Q9BQW3,ENST00000609451,Q9BQW3-2
1843,Q9BR84,ENST00000393883,Q9BR84-1
1845,Q9BRP0,ENST00000278780,Q9BRP0-1
1846,Q9BRR0,ENST00000377255,Q9BRR0-1
1848,Q9BSG1,ENST00000614034,Q9BSG1-2
1849,Q9BSK1,ENST00000638348,Q9BSK1-1
1851,Q9BT81,ENST00000646538,Q9BT81-1
1853,Q9BU19,ENST00000306601,Q9BU19-1
1854,Q9BUG6,ENST00000683990,Q9BUG6-1
1857,Q9BV97,ENST00000568028,Q9BV97-3
1858,Q9BVI0,ENST00000374012,Q9BVI0-1
1859,Q9BW11,ENST00000513063,Q9BW11-1
1861,Q9BWE0,ENST00000444957,Q9BWE0-3
1864,Q9BX82,ENST00000308031,Q9BX82-1
1865,Q9BXA9,ENST00000614883,Q9BXA9-1
1867,Q9BYE0,ENST00000317814,Q9BYE0-1
1868,Q9BYE7,ENST00000369847,Q9BYE7-1
1869,Q9BYM8,ENST00000356286,Q9BYM8-1
1870,Q9BYN7,ENST00000375200,Q9BYN7-1
1871,Q9BZS1,ENST00000376207,Q9BZS1-1
1872,Q9C0A1,ENST00000419474,Q9C0A1-1
1873,Q9C0G0,ENST00000299687,Q9C0G0-1
1874,Q9C0K0,ENST00000357195,Q9C0K0-1
1875,Q9GZN2,ENST00000650844,Q9GZN2-1
1880,Q9GZR2,ENST00000630460,Q9GZR2-1
1882,Q9GZU2,ENST00000599577,Q9GZU2-1
1885,Q9H0D2,ENST00000391901,Q9H0D2-3
1886,Q9H116,ENST00000377051,Q9H116-1
1888,Q9H165,ENST00000642384,Q9H165-1
1889,Q9H1K0,ENST00000476527,Q9H1K0-1
1891,Q9H2S9,ENST00000547167,Q9H2S9-1
1894,Q9H2W2,ENST00000366810,Q9H2W2-1
1895,Q9H334,ENST00000318789,Q9H334-1
1901,Q9H3D4,ENST00000264731,Q9H3D4-1
1902,Q9H4I2,ENST00000683867,Q9H4I2-1
1907,Q9H4W6,ENST00000355311,Q9H4W6-1
1908,Q9H4Z2,ENST00000322927,Q9H4Z2-1
1909,Q9H582,ENST00000370440,Q9H582-1
1911,Q9H7B4,ENST00000490107,Q9H7B4-1
1912,Q9H7R0,ENST00000545749,Q9H7R0-1
1914,Q9H898,ENST00000297737,Q9H898-1
1915,Q9H930,ENST00000415673,Q9H930-4
1916,Q9H9S0,ENST00000229307,Q9H9S0-1
1917,Q9HAK2,ENST00000520164,Q9HAK2-1
1918,Q9HAP2,ENST00000629738,Q9HAP2-1
1921,Q9HAW0,ENST00000220659,Q9HAW0-1
1922,Q9HAZ2,ENST00000270722,Q9HAZ2-1
1923,Q9HB58,ENST00000698099,Q9HB58-1
1925,Q9HBE1,ENST00000266269,Q9HBE1-1
1926,Q9HBT8,ENST00000583566,Q9HBT8-1
1929,Q9HBU1,ENST00000253968,Q9HBU1-1
1930,Q9HBZ2,ENST00000303329,Q9HBZ2-1
1931,Q9HC78,ENST00000474710,Q9HC78-1
1935,Q9HCG1,ENST00000683776,Q9HCG1-1
1939,Q9NP66,ENST00000381714,Q9NP66-1
1941,Q9NP71,ENST00000313375,Q9NP71-1
1942,Q9NPC7,ENST00000356716,Q9NPC7-1
1944,Q9NQ69,ENST00000367387,Q9NQ69-1
1945,Q9NQB0,ENST00000355995,Q9NQB0-1
1946,Q9NQV8,ENST00000504452,Q9NQV8-1
1949,Q9NQX0,ENST00000407847,Q9NQX0-3
1950,Q9NQX1,ENST00000264808,Q9NQX1-1
1951,Q9NR48,ENST00000368346,Q9NR48-1
1952,Q9NR83,ENST00000266077,Q9NR83-1
1953,Q9NRE2,ENST00000371497,Q9NRE2-1
1954,Q9NS56,ENST00000360538,Q9NS56-1
1955,Q9NSC2,ENST00000685868,Q9NSC2-1
1958,Q9NSD4,ENST00000650114,Q9NSD4-1
1959,Q9NTW7,ENST00000361387,Q9NTW7-1
1960,Q9NU63,ENST00000552987,Q9NU63-1
1966,Q9NUA8,ENST00000404138,Q9NUA8-1
1968,Q9NV72,ENST00000540331,Q9NV72-1
1970,Q9NVV9,ENST00000254250,Q9NVV9-1
1971,Q9NWS9,ENST00000594369,Q9NWS9-1
1972,Q9NX45,ENST00000379881,Q9NX45-1
1973,Q9NX65,ENST00000396852,Q9NX65-1
1974,Q9NXT0,ENST00000396154,Q9NXT0-1
1975,Q9NYT6,ENST00000590089,Q9NYT6-1
1978,Q9NYW8,ENST00000396912,Q9NYW8-1
1980,Q9NZC4,ENST00000533754,Q9NZC4-1
1983,Q9NZI5,ENST00000324907,Q9NZI5-1
1984,Q9NZI7,ENST00000283629,Q9NZI7-1
1986,Q9NZR4,ENST00000376709,Q9NZR4-1
1987,Q9P016,ENST00000392595,Q9P016-1
1990,Q9P0K8,ENST00000162391,Q9P0K8-1
1991,Q9P0L1,ENST00000629379,Q9P0L1-1
1995,Q9P0U4,ENST00000285106,Q9P0U4-1
1996,Q9P0W2,ENST00000333651,Q9P0W2-1
1997,Q9P243,ENST00000377838,Q9P243-1
1998,Q9P2J8,ENST00000311331,Q9P2J8-1
1999,Q9UBB5,ENST00000256429,Q9UBB5-1
2000,Q9UBG7,ENST00000343694,Q9UBG7-1
2001,Q9UBR4,ENST00000371748,Q9UBR4-1
2002,Q9UBX2,ENST00000710433,Q9UBX2-1
2007,Q9UC07,ENST00000429654,Q9UC07-1
2008,Q9UDV7,ENST00000610704,Q9UDV7-1
2009,Q9UFB7,ENST00000232974,Q9UFB7-1
2010,Q9UGL1,ENST00000367265,Q9UGL1-1
2011,Q9UGU0,ENST00000359486,Q9UGU0-1
2016,Q9UH73,ENST00000313708,Q9UH73-1
2017,Q9UH92,ENST00000246912,Q9UH92-1
2018,Q9UHF7,ENST00000640765,Q9UHF7-1
2020,Q9UHL9,ENST00000265755,Q9UHL9-1
2021,Q9UI36,ENST00000619232,Q9UI36-1
2022,Q9UIF8,ENST00000392783,Q9UIF8-1
2023,Q9UIF9,ENST00000551812,Q9UIF9-1
2024,Q9UIS9,ENST00000269468,Q9UIS9-1
2027,Q9UJL9,ENST00000411995,Q9UJL9-1
2029,Q9UJQ4,ENST00000217086,Q9UJQ4-1
2030,Q9UJU2,ENST00000265165,Q9UJU2-1
2031,Q9UJU3,ENST00000337401,Q9UJU3-1
2032,Q9UJV8,ENST00000523392,Q9UJV8-1
2034,Q9UJW7,ENST00000614049,Q9UJW7-1
2035,Q9UJW8,ENST00000221327,Q9UJW8-1
2036,Q9UK12,ENST00000187879,Q9UK12-1
2037,Q9UKI9,ENST00000543440,Q9UKI9-1
2038,Q9UKS7,ENST00000434687,Q9UKS7-1
2039,Q9UKT9,ENST00000346872,Q9UKT9-1
2040,Q9UKW6,ENST00000312319,Q9UKW6-1
2041,Q9UKY1,ENST00000522655,Q9UKY1-1
2044,Q9UL36,ENST00000253159,Q9UL36-1
2045,Q9UL40,ENST00000358149,Q9UL40-1
2046,Q9UL49,ENST00000335351,Q9UL49-3
2047,Q9UL58,ENST00000414517,Q9UL58-1
2049,Q9UL68,ENST00000428368,Q9UL68-1
2052,Q9ULD9,ENST00000513986,Q9ULD9-1
2054,Q9ULJ3,ENST00000310826,Q9ULJ3-1
2057,Q9ULL5,ENST00000418929,Q9ULL5-3
2058,Q9ULV5,ENST00000521374,Q9ULV5-1
2059,Q9ULX6,ENST00000397410,Q9ULX6-1
2060,Q9ULX9,ENST00000538320,Q9ULX9-1
2064,Q9UM63,ENST00000674357,Q9UM63-1
2074,Q9UNY5,ENST00000250076,Q9UNY5-1
2075,Q9UPM6,ENST00000373755,Q9UPM6-1
2076,Q9UPW0,ENST00000545068,Q9UPW0-1
2080,Q9UPW6,ENST00000260926,Q9UPW6-1
2084,Q9UQ80,ENST00000303305,Q9UQ80-1
2085,Q9UQR1,ENST00000700044,Q9UQR1-1
2091,Q9Y222,ENST00000394703,Q9Y222-1
2093,Q9Y261,ENST00000377115,Q9Y261-1
2094,Q9Y2G1,ENST00000278836,Q9Y2G1-1
2095,Q9Y2K1,ENST00000683701,Q9Y2K1-1
2097,Q9Y2K7,ENST00000529006,Q9Y2K7-1
2098,Q9Y2N7,ENST00000377670,Q9Y2N7-1
2099,Q9Y2P7,ENST00000282308,Q9Y2P7-1
2100,Q9Y2Q1,ENST00000594947,Q9Y2Q1-1
2101,Q9Y2V3,ENST00000334889,Q9Y2V3-1
2102,Q9Y2W7,ENST00000295225,Q9Y2W7-1
2103,Q9Y2X9,ENST00000367353,Q9Y2X9-1
2105,Q9Y3M9,ENST00000376436,Q9Y3M9-1
2107,Q9Y458,ENST00000373294,Q9Y458-1
2111,Q9Y462,ENST00000276123,Q9Y462-1
2113,Q9Y466,ENST00000368986,Q9Y466-1
2114,Q9Y467,ENST00000614342,Q9Y467-1
2115,Q9Y468,ENST00000427442,Q9Y468-5
2116,Q9Y483,ENST00000370298,Q9Y483-1
2117,Q9Y4E5,ENST00000370706,Q9Y4E5-1
2118,Q9Y4X4,ENST00000703967,Q9Y4X4-1
2120,Q9Y543,ENST00000377834,Q9Y543-1
2121,Q9Y5J3,ENST00000354724,Q9Y5J3-1
2122,Q9Y5R5,ENST00000382251,Q9Y5R5-1
2124,Q9Y5R6,ENST00000382276,Q9Y5R6-1
2125,Q9Y5X4,ENST00000617575,Q9Y5X4-1
2126,Q9Y603,ENST00000340181,Q9Y603-1
2127,Q9Y692,ENST00000294409,Q9Y692-1
2128,Q9Y6Q3,ENST00000374227,Q9Y6Q3-1
2129,Q9Y6Q9,ENST00000371998,Q9Y6Q9-1
2130,Q9Y6X0,ENST00000649279,Q9Y6X0-1
2135,Q9Y6Y1,ENST00000303635,Q9Y6Y1-1
