variant_id,consequence,hgvs
7-55912589-T-G,intron_variant,c.-2-46T>G
7-55912594-C-G,intron_variant,c.-2-41C>G
7-55912597-C-T,intron_variant,c.-2-38C>T
7-55912598-G-A,intron_variant,c.-2-37G>A
7-55912602-C-T,intron_variant,c.-2-33C>T
7-55912604-T-C,intron_variant,c.-2-31T>C
7-55912605-A-G,intron_variant,c.-2-30A>G
7-55912607-A-G,intron_variant,c.-2-28A>G
7-55912624-C-A,intron_variant,c.-2-11C>A
7-55912631-C-T,splice_region_variant,c.-2-4C>T
7-55912634-G-A,splice_acceptor_variant,c.-2-1G>A
7-55912647-A-G,missense_variant,p.Gln4Arg
7-55912655-G-GT,frameshift_variant,p.Ser9PhefsTer13
7-55912664-C-T,stop_gained,p.Gln10Ter
7-55912685-G-C,missense_variant,p.Glu17Gln
7-55912688-G-T,stop_gained,p.Glu18Ter
7-55912710-T-C,missense_variant,p.Met25Thr
7-55912711-G-A,missense_variant,p.Met25Ile
7-55912726-A-T,splice_region_variant,c.87+3A>T
7-55912727-A-G,splice_region_variant,c.87+4A>G
7-55912728-G-GT,splice_region_variant,c.87+7dup
7-55912745-T-C,intron_variant,c.87+22T>C
7-55912746-C-A,intron_variant,c.87+23C>A
7-55912750-A-G,intron_variant,c.87+27A>G
7-55912756-AGTGTTCTCAGAAT-A,intron_variant,c.87+37_87+49del
7-55912767-A-C,intron_variant,c.87+44A>C
7-55912772-G-A,intron_variant,c.87+49G>A
7-55918008-C-A,intron_variant,c.88-5154C>A
7-55918046-G-A,intron_variant,c.88-5116G>A
7-55918055-T-C,intron_variant,c.88-5107T>C
7-55918075-G-A,intron_variant,c.88-5087G>A
7-55918123-A-G,intron_variant,c.88-5039A>G
7-55918123-A-T,intron_variant,c.88-5039A>T
7-55918146-TACCTCATTC-T,intron_variant,c.88-5015_88-5007delACCTCATTC
7-55918147-A-G,intron_variant,c.88-5015A>G
7-55918157-G-GGGAAAGAAGTAAGCA,intron_variant,c.88-5005_88-5004insGGAAAGAAGTAAGCA
7-55918180-G-A,intron_variant,c.88-4982G>A
7-55923109-G-C,intron_variant,c.88-53G>C
7-55923117-G-C,intron_variant,c.88-45G>C
7-55923119-A-G,intron_variant,c.88-43A>G
7-55923125-C-G,intron_variant,c.88-37C>G
7-55923126-G-A,intron_variant,c.88-36G>A
7-55923136-G-A,intron_variant,c.88-26G>A
7-55923148-G-A,intron_variant,c.88-14G>A
7-55923170-G-A,synonymous_variant,p.Leu32Leu
7-55923172-C-T,missense_variant,p.Thr33Met
7-55923173-G-A,synonymous_variant,p.Thr33Thr
7-55923181-A-C,missense_variant,p.Asp36Ala
7-55923188-C-T,synonymous_variant,p.Ala38Ala
7-55923189-G-A,missense_variant,p.Val39Met
7-55923198-A-G,missense_variant,p.Thr42Ala
7-55923207-G-T,stop_gained,p.Glu45Ter
7-55923221-G-C,synonymous_variant,p.Leu49Leu
7-55923246-C-G,missense_variant,p.Arg58Gly
7-55923247-G-A,missense_variant,p.Arg58Gln
7-55923251-C-T,synonymous_variant,p.Asp59Asp
7-55923260-G-A,synonymous_variant,p.Leu62Leu
7-55923262-A-G,missense_variant,p.Glu63Gly
7-55923283-C-T,missense_variant,p.Ala70Val
7-55923285-C-T,synonymous_variant,p.Leu71Leu
7-55923287-G-A,splice_region_variant,c.213G>A
7-55923288-G-C,missense_variant,p.Gly72Arg
7-55923305-T-C,intron_variant,c.214+17T>C
7-55923311-A-G,intron_variant,c.214+23A>G
7-55923313-C-T,intron_variant,c.214+25C>T
7-55923314-G-A,intron_variant,c.214+26G>A
7-55923318-G-A,intron_variant,c.214+30G>A
7-55923321-G-A,intron_variant,c.214+33G>A
7-55923324-C-CCGGTTTATAAATAA,intron_variant,c.214+36_214+37insCGGTTTATAAATAA
7-55923326-C-T,intron_variant,c.214+38C>T
7-55923327-G-A,intron_variant,c.214+39G>A
7-55923329-G-A,intron_variant,c.214+41G>A
7-55923331-G-T,intron_variant,c.214+43G>T
7-55923540-T-C,intron_variant,c.215-67T>C
7-55923559-T-A,intron_variant,c.215-48T>A
7-55923561-TG-T,intron_variant,c.215-45del
7-55923561-T-A,intron_variant,c.215-46T>A
7-55923562-G-GCAAAA,intron_variant,c.215-45_215-44insCAAAA
7-55923564-TC-T,intron_variant,c.215-40del
7-55923566-C-T,intron_variant,c.215-41C>T
7-55923568-A-G,intron_variant,c.215-39A>G
7-55923569-GT-G,intron_variant,c.215-37del
7-55923570-T-G,intron_variant,c.215-37T>G
7-55923574-A-C,intron_variant,c.215-33A>C
7-55923575-A-G,intron_variant,c.215-32A>G
7-55923597-C-G,intron_variant,c.215-10C>G
7-55923599-G-A,splice_region_variant,c.215-8G>A
7-55923600-T-C,splice_region_variant,c.215-7T>C
7-55923610-A-G,missense_variant,p.Tyr73Cys
7-55923631-T-C,missense_variant,p.Val80Ala
7-55923635-C-T,synonymous_variant,p.Ile81Ile
7-55923636-G-A,missense_variant,p.Ala82Thr
7-55923637-C-T,missense_variant,p.Ala82Val
7-55923638-G-A,synonymous_variant,p.Ala82Ala
7-55923643-TG-T,frameshift_variant,p.Glu85SerfsTer2
7-55923678-A-G,missense_variant,p.Ser96Gly
7-55923684-C-T,synonymous_variant,p.Leu98Leu
7-55923686-G-A,synonymous_variant,p.Leu98Leu
7-55923688-A-G,missense_variant,p.Asp99Gly
7-55923699-G-C,missense_variant,p.Asp103His
7-55923706-G-GCC,splice_region_variant,c.307+8_307+9insCC
7-55923707-C-T,splice_region_variant,c.307+8C>T
7-55923708-A-AAGAGTGTG,intron_variant,c.307+9_307+10insAGAGTGTG
7-55923708-A-C,intron_variant,c.307+9A>C
7-55923710-A-AAGAGTGTG,intron_variant,c.307+11_307+12insAGAGTGTG
7-55923710-A-G,intron_variant,c.307+11A>G
7-55923710-ACTCT-A,intron_variant,c.307+12_307+15del
7-55923713-C-A,intron_variant,c.307+14C>A
7-55923714-T-C,intron_variant,c.307+15T>C
7-55923714-T-TAGAG,intron_variant,c.307+15_307+16insAGAG
7-55923717-G-A,intron_variant,c.307+18G>A
7-55923717-G-T,intron_variant,c.307+18G>T
7-55923720-A-ACTTAC,intron_variant,c.307+23_307+24insTACCT
7-55923722-TGC-T,intron_variant,c.307+24_307+25del
7-55923726-A-G,intron_variant,c.307+27A>G
7-55923737-G-A,intron_variant,c.307+38G>A
7-55923738-A-G,intron_variant,c.307+39A>G
7-55923742-C-T,intron_variant,c.307+43C>T
7-55938930-T-C,intron_variant,c.308-52T>C
7-55938935-A-G,intron_variant,c.308-47A>G
7-55938937-C-T,intron_variant,c.308-45C>T
7-55938949-G-A,intron_variant,c.308-33G>A
7-55938954-GTATT-G,intron_variant,c.308-26_308-23del
7-55938960-G-A,intron_variant,c.308-22G>A
7-55938968-T-C,intron_variant,c.308-14T>C
7-55938997-C-G,missense_variant,p.Pro108Arg
7-55938998-C-G,synonymous_variant,p.Pro108Pro
7-55938998-C-T,synonymous_variant,p.Pro108Pro
7-55938999-G-A,missense_variant,p.Glu109Lys
7-55939002-A-G,missense_variant,p.Ile110Val
7-55939004-C-A,synonymous_variant,p.Ile110Ile
7-55939014-A-G,missense_variant,p.Thr114Ala
7-55939018-C-A,missense_variant,p.Thr115Lys
7-55939038-G-A,missense_variant,p.Glu122Lys
7-55939048-C-T,missense_variant,p.Thr125Ile
7-55939064-GGA-G,frameshift_variant,p.Arg132ThrfsTer18
7-55939073-C-T,synonymous_variant,p.Leu133Leu
7-55939074-G-A,missense_variant,p.Ala134Thr
7-55939081-A-T,missense_variant,p.Asp136Val
7-55939084-G-C,missense_variant,p.Ser137Thr
7-55939096-C-T,missense_variant,p.Ser141Phe
7-55939098-A-G,missense_variant,p.Ile142Val
7-55939103-A-G,synonymous_variant,p.Leu143Leu
7-55939115-G-C,missense_variant,p.Trp147Cys
7-55939143-C-T,stop_gained,p.Gln157Ter
7-55939157-G-C,missense_variant,p.Lys161Asn
7-55939171-A-G,missense_variant,p.Gln166Arg
7-55939209-A-C,missense_variant,p.Ser179Arg
7-55939219-G-A,missense_variant,p.Cys182Tyr
7-55939234-A-G,missense_variant,p.Glu187Gly
7-55939237-A-C,missense_variant,p.Asn188Thr
7-55939240-G-A,missense_variant,p.Cys189Tyr
7-55939241-T-C,synonymous_variant,p.Cys189Cys
7-55939242-A-AATCTG,frameshift_variant,p.Asn192IlefsTer2
7-55939255-A-G,missense_variant,p.Asn194Ser
7-55939256-C-T,synonymous_variant,p.Asn194Asn
7-55939260-A-G,missense_variant,p.Met196Val
7-55939261-T-G,missense_variant,p.Met196Arg
7-55939265-G-A,synonymous_variant,p.Gln197Gln
7-55939269-A-G,missense_variant,p.Arg199Gly
7-55939279-C-T,missense_variant,p.Ser202Phe
7-55939291-C-T,missense_variant,p.Pro206Leu
7-55939293-C-G,missense_variant,p.Leu207Val
7-55939294-T-TGTGTGTCAGAATTCAGGGGTATTTTAATGGAAG,inframe_insertion,p.Leu207_Asn208insCysValArgIleGlnGlyTyrPheAsnGlyArg
7-55939298-T-C,synonymous_variant,p.Asn208Asn
7-55939306-C-G,missense_variant,p.Thr211Arg
7-55939308-C-T,stop_gained,p.Gln212Ter
7-55939324-A-G,missense_variant,p.Lys217Arg
7-55939325-A-T,missense_variant,p.Lys217Asn
7-55939337-C-G,missense_variant,p.Asp221Glu
7-55939341-A-T,missense_variant,p.Ile223Phe
7-55939343-T-C,synonymous_variant,p.Ile223Ile
7-55939348-A-G,missense_variant,p.Tyr225Cys
7-55939353-G-A,missense_variant,p.Gly227Arg
7-55939355-A-G,synonymous_variant,p.Gly227Gly
7-55939370-G-A,synonymous_variant,p.Glu232Glu
7-55939374-C-A,missense_variant,p.Pro234Thr
7-55939375-C-T,missense_variant,p.Pro234Leu
7-55939401-A-G,missense_variant,p.Ile243Val
7-55939402-T-C,missense_variant,p.Ile243Thr
7-55939408-A-G,missense_variant,p.Asn245Ser
7-55939438-A-G,missense_variant,p.His255Arg
7-55939443-G-C,missense_variant,p.Ala257Pro
7-55939446-G-C,missense_variant,p.Glu258Gln
7-55939485-T-C,missense_variant,p.Ser271Pro
7-55939506-A-T,missense_variant,p.Met278Leu
7-55939516-C-T,missense_variant,p.Thr281Ile
7-55939517-A-G,synonymous_variant,p.Thr281Thr
7-55939530-T-A,missense_variant,p.Tyr286Asn
7-55939531-A-G,missense_variant,p.Tyr286Cys
7-55939534-A-T,missense_variant,p.Lys287Met
7-55939535-G-C,missense_variant,p.Lys287Asn
7-55939539-G-A,missense_variant,p.Asp289Asn
7-55939550-A-G,synonymous_variant,p.Gly292Gly
7-55939551-A-G,missense_variant,p.Lys293Glu
7-55939568-G-A,synonymous_variant,p.Arg298Arg
7-55939575-C-A,missense_variant,p.Leu301Ile
7-55939577-C-T,synonymous_variant,p.Leu301Leu
7-55939591-G-T,missense_variant,p.Arg306Ile
7-55939600-C-CA,frameshift_variant,p.Gly310ArgfsTer34
7-55939601-A-G,synonymous_variant,p.Thr309Thr
7-55939607-A-G,synonymous_variant,p.Glu311Glu
7-55939610-G-A,synonymous_variant,p.Lys312Lys
7-55939611-C-T,missense_variant,p.Pro313Ser
7-55939619-A-G,missense_variant,p.Ile315Met
7-55939619-A-T,synonymous_variant,p.Ile315Ile
7-55939620-T-C,missense_variant,p.Cys316Arg
7-55939626-G-A,missense_variant,p.Gly318Arg
7-55939627-G-A,missense_variant,p.Gly318Glu
7-55939628-A-T,synonymous_variant,p.Gly318Gly
7-55939638-G-A,missense_variant,p.Ala322Thr
7-55939643-C-T,synonymous_variant,p.Phe323Phe
7-55939644-C-T,missense_variant,p.Arg324Cys
7-55939645-G-A,missense_variant,p.Arg324His
7-55939646-T-C,synonymous_variant,p.Arg324Arg
7-55939652-T-C,synonymous_variant,p.His326His
7-55939655-A-C,synonymous_variant,p.Ser327Ser
7-55939658-C-T,synonymous_variant,p.Ser328Ser
7-55939668-C-T,missense_variant,p.His332Tyr
7-55939676-G-A,synonymous_variant,p.Arg334Arg
7-55939697-C-T,synonymous_variant,p.Pro341Pro
7-55939704-T-G,missense_variant,p.Cys344Gly
7-55939707-A-G,missense_variant,p.Asn345Asp
7-55939717-G-A,missense_variant,p.Gly348Asp
7-55939731-C-T,missense_variant,p.Arg353Cys
7-55939732-G-A,missense_variant,p.Arg353His
7-55939741-C-G,missense_variant,p.Ser356Cys
7-55939756-A-G,missense_variant,p.His361Arg
7-55939759-G-A,missense_variant,p.Arg362Lys
7-55939761-C-G,missense_variant,p.Leu363Val
7-55939769-C-T,synonymous_variant,p.Thr365Thr
7-55939770-G-A,missense_variant,p.Gly366Arg
7-55939774-A-G,missense_variant,p.Glu367Gly
7-55939781-T-A,synonymous_variant,p.Pro369Pro
7-55939785-G-T,stop_gained,p.Glu371Ter
7-55939795-T-G,missense_variant,p.Phe374Cys
7-55939805-A-G,synonymous_variant,p.Lys377Lys
7-55939810-T-C,missense_variant,p.Phe379Ser
7-55939817-G-A,synonymous_variant,p.Gln381Gln
7-55939820-G-T,missense_variant,p.Arg382Ser
7-55939823-A-G,synonymous_variant,p.Thr383Thr
7-55939828-T-G,missense_variant,p.Leu385Arg
7-55939837-A-G,missense_variant,p.His388Arg
7-55939841-A-G,synonymous_variant,p.Glu389Glu
7-55939843-G-T,missense_variant,p.Arg390Ile
7-55939848-C-T,missense_variant,p.His392Tyr
7-55939850-T-C,synonymous_variant,p.His392His
7-55939851-A-G,missense_variant,p.Thr393Ala
7-55939870-A-C,missense_variant,p.Lys399Thr
7-55939872-T-A,missense_variant,p.Cys400Ser
7-55939883-C-T,synonymous_variant,p.Cys403Cys
7-55939884-G-A,missense_variant,p.Gly404Arg
7-55939891-C-T,missense_variant,p.Ala406Val
7-55939892-C-T,synonymous_variant,p.Ala406Ala
7-55939897-G-A,missense_variant,p.Ser408Asn
7-55939909-A-G,missense_variant,p.His412Arg
7-55939919-A-G,synonymous_variant,p.Gln415Gln
7-55939921-AC-A,frameshift_variant,p.His416GlnfsTer66
7-55939923-A-G,missense_variant,p.Arg417Gly
7-55939931-C-T,synonymous_variant,p.Ile419Ile
7-55939938-C-T,missense_variant,p.Arg422Trp
7-55939939-G-T,missense_variant,p.Arg422Leu
7-55939950-T-C,missense_variant,p.Cys426Arg
7-55939965-G-A,missense_variant,p.Glu431Lys
7-55939977-C-T,missense_variant,p.Arg435Cys
7-55939978-G-A,missense_variant,p.Arg435His
7-55939978-G-T,missense_variant,p.Arg435Leu
7-55939983-A-G,missense_variant,p.Ser437Gly
7-55940001-A-G,missense_variant,p.Thr443Ala
7-55940009-TATG-T,3_prime_UTR_variant,c.*4_*6del
7-55940011-T-C,3_prime_UTR_variant,c.*5T>C
7-55940013-G-A,3_prime_UTR_variant,c.*7G>A
7-55940014-T-TG,3_prime_UTR_variant,c.*13dupG
7-55940034-T-C,3_prime_UTR_variant,c.*28T>C
7-55940050-T-A,3_prime_UTR_variant,c.*44T>A
7-55940058-C-T,3_prime_UTR_variant,c.*52C>T
7-55940062-C-G,3_prime_UTR_variant,c.*56C>G
